population,point_id
18941.0,3565
754.0,2848
2715.0,251
485.0,2026
23584.0,3028
3046.0,2409
1107.0,264
712.0,2024
4127.0,5411
4792.0,4295
265.0,4718
230.0,4349
343.0,4466
982.0,3370
28063.0,4323
120849.0,2961
640.0,496
241.0,2265
3046.0,6122
43914.0,4888
1573.0,2311
1240.0,1101
914.0,599
1593.0,3903
8434.0,3323
7557.0,1789
25468.0,2769
1551.0,5116
30981.0,2247
294.0,4083
16488.0,4321
1106.0,1820
1282.0,4059
7718.0,4875
5536.0,3652
3853.0,5161
17883.0,2148
502.0,4996
140.0,2627
1431.0,5729
1129.0,5587
57515.0,5237
24029.0,5028
4164.0,359
278.0,1060
735.0,3322
7862.0,26
365.0,1478
112228.0,1543
1385.0,3367
2390.0,3715
163.0,2485
72078.0,3483
55831.0,2150
3272.0,5565
3993.0,4650
14293.0,3666
2441.0,3911
1356.0,1726
341.0,4722
969.0,2640
5345.0,2206
709.0,1116
11686.0,3781
950.0,1487
2049.0,4057
4378.0,786
238.0,4388
37521.0,3823
319.0,5142
2290.0,3924
1366.0,2755
9404.0,3142
311.0,1009
2784.0,541
1890.0,4198
4515.0,1582
2750.0,5796
6575.0,2452
24545.0,6068
8277.0,3054
2686.0,4845
2290.0,2210
21959.0,4010
624.0,1065
242.0,252
40012.0,5605
1000.0,5080
858.0,537
49221.0,5099
10467.0,4808
520.0,2300
2113.0,4485
2338.0,974
225.0,4475
3145.0,4831
2255.0,6003
13575.0,958
661.0,325
2268.0,17
649.0,3300
1694.0,3859
736.0,142
693.0,5058
2600.0,1999
3649.0,4775
7643.0,1333
40310.0,4055
85332.0,3560
3713.0,1783
1558.0,4035
3131.0,4667
562.0,4986
13729.0,5561
304.0,3124
210.0,914
50634.0,4028
374.0,5684
245.0,3282
250.0,4157
29326.0,5048
1612.0,3510
13250.0,4137
922.0,5329
2996.0,296
733.0,4910
2369.0,3335
618.0,282
3428.0,4105
3429.0,3045
231.0,2816
1910.0,1389
5654.0,1364
442.0,655
2612.0,2019
260974.0,5170
1151.0,167
191.0,2266
3184.0,5656
743.0,4089
1092.0,1275
1051.0,478
9329.0,1982
5951.0,3410
7589.0,4414
403.0,458
17037.0,2038
6379.0,2572
27619.0,3564
4704.0,71
2232.0,1606
455.0,5007
4079.0,2761
1591.0,4355
2584.0,5506
27816.0,5409
227.0,626
155.0,2693
643.0,1264
147.0,3242
3284.0,4728
1113.0,5504
961.0,4145
249.0,823
1413.0,1528
1953.0,4360
3821.0,4056
619.0,280
615.0,1374
1404.0,1981
25287.0,2886
85257.0,3492
1692.0,5347
499.0,2363
369.0,1139
41569.0,4416
408.0,1000
382.0,2270
6907.0,2522
1978.0,2542
16635.0,2230
717.0,211
23329.0,4787
660.0,1963
1479.0,3012
4639.0,15
464.0,5210
2555.0,6118
778.0,1800
149.0,77
508.0,140
85803.0,3926
34090.0,4976
959.0,56
131.0,1966
42297.0,3491
173.0,2373
12323.0,5865
14544.0,6129
46998.0,3384
1225.0,4291
1044.0,2211
2024.0,4449
21965.0,5762
1186.0,2112
705.0,2753
1999.0,6141
2331.0,5224
12397.0,3979
27995.0,3853
1209.0,2339
564.0,712
3957.0,3082
16018.0,923
3280.0,1910
10454.0,4359
1569.0,4189
13401.0,977
1722.0,376
473.0,1427
6619.0,2992
688.0,515
7772.0,2783
1376.0,4453
153944.0,1542
1407.0,1551
235.0,2717
11505.0,1296
1273.0,5256
61493.0,5610
4604.0,4435
937.0,2729
1644.0,165
9612.0,5803
237.0,748
6509.0,5838
2605.0,21
1794.0,4312
216.0,3707
1264.0,3942
1306.0,5270
3367.0,2968
1314.0,1049
7007.0,5770
2476.0,3912
989.0,6058
12811.0,6056
451.0,896
1121.0,609
186.0,429
912.0,4242
1162.0,1242
4103.0,4086
14048.0,3029
250.0,2687
1142.0,1806
352.0,2153
2931.0,3161
207.0,2692
249.0,2587
230.0,530
1234.0,5821
8400.0,5540
2049.0,3812
935.0,6031
588.0,653
36443.0,2677
2139.0,1405
3162.0,3458
1104.0,4837
100635.0,2351
990.0,108
542.0,2506
2428.0,2362
8388.0,3379
3255.0,1089
1149.0,65
423.0,1475
30314.0,1017
66035.0,3249
1390.0,5141
1524.0,1978
717.0,3146
9119.0,3663
53285.0,4487
1283.0,6080
1920.0,3572
702.0,4300
28195.0,5240
362.0,941
90123.0,2353
291.0,603
3421.0,5370
530.0,2625
3440.0,5558
740.0,3910
798.0,4397
7633.0,804
19542.0,3900
1947.0,5827
11843.0,803
1258.0,4347
909.0,1091
1481.0,4233
1430.0,494
1531.0,1018
945.0,68
680.0,2856
54497.0,3496
1641.0,3237
348.0,1233
896.0,4176
1182.0,4584
337.0,1812
424.0,928
34402.0,4027
407.0,5147
562.0,5920
1292.0,4248
28844.0,1733
160.0,3061
15856.0,3759
50500.0,2355
3232.0,5921
6720.0,987
703.0,2686
17861.0,3135
253.0,2262
1032.0,4648
24513.0,3839
1058.0,3122
47810.0,2669
714.0,1432
11106.0,318
1680.0,2047
693.0,312
36097.0,5989
225.0,470
3598.0,5376
16516.0,2562
1254.0,3173
829.0,1213
258.0,4554
1154.0,5378
3085.0,1564
2341.0,5002
41097.0,4813
5206.0,2561
2056.0,2621
170.0,2073
1062.0,99
27540.0,2423
1342.0,1884
483.0,94
375.0,1951
2057.0,2105
1808.0,1762
1872.0,4241
2269.0,1322
2038.0,4274
43838.0,2777
1652.0,1588
725.0,3681
831.0,162
2353.0,6042
1361.0,5931
42376.0,4788
1304.0,5121
337.0,62
90643.0,4963
3452.0,2445
36298.0,5701
15547.0,2528
25314.0,1040
61057.0,5460
1126.0,4530
14641.0,4740
16202.0,4887
787.0,1624
1324.0,6023
8002.0,4643
561.0,1511
11335.0,2685
670.0,4063
214983.0,5038
553.0,3292
969.0,5049
1317.0,2922
1890.0,5943
445.0,988
113.0,2940
74877.0,1937
42392.0,2146
71661.0,5359
1421.0,1492
770.0,5981
945.0,1433
25882.0,5230
414.0,1979
1206.0,2857
12026.0,3004
609.0,3014
221.0,4638
585.0,3293
8146.0,3024
1362.0,2878
1654.0,5620
2079.0,5668
1043.0,4090
260.0,811
5305.0,2313
596.0,4207
3532.0,4672
1101.0,417
1271.0,605
2901.0,1240
19842.0,3505
1870.0,2035
5867.0,4178
1406.0,3228
14502.0,3576
2876.0,2291
17434.0,4232
1426.0,3185
1196.0,6014
4213.0,1438
1927.0,639
430.0,2756
9532.0,1367
3180.0,4543
32602.0,1669
4091.0,5766
6056.0,3881
3669.0,1504
1118.0,4043
1579.0,5547
3252.0,3943
3806.0,3557
973.0,2013
263.0,1313
7280.0,5617
6382.0,4307
375.0,3520
5233.0,968
20366.0,6010
1237.0,3726
713.0,6121
5956.0,4378
2888.0,5325
2912.0,742
2422.0,3437
17172.0,2880
4830.0,788
526.0,5209
44511.0,849
597.0,764
1868.0,5086
423.0,5675
10871.0,5512
124152.0,3559
628.0,4266
1723.0,1905
962.0,6127
399.0,1165
456.0,973
1354.0,3423
7647.0,5396
3481.0,6069
13315.0,4150
8912.0,2404
697.0,1813
12129.0,3009
2462.0,5136
1194.0,5825
1722.0,4004
66898.0,3136
3383.0,5941
1972.0,5599
1798.0,5953
1582.0,3630
43329.0,4956
925.0,521
895.0,715
468.0,5332
9921.0,1823
296.0,2487
550.0,4286
5279.0,4823
1499.0,1234
2447.0,6000
1515.0,4839
2668.0,3424
1775.0,4374
131652.0,1891
2129.0,3222
709.0,3993
327.0,1347
22879.0,4732
358.0,794
686.0,3412
3746.0,2010
82218.0,4824
1443.0,3599
23837.0,4614
427.0,3680
303.0,932
1245.0,84
467.0,5491
29924.0,3291
793.0,3047
1006.0,4343
75741.0,4825
45059.0,5889
295.0,488
31011.0,3138
12347.0,840
12923.0,5896
458.0,4596
6645.0,2667
755.0,5735
1493.0,5856
1557.0,1654
1873.0,5217
2313.0,4540
4981.0,3829
3688.0,5441
1896.0,4915
13689.0,680
12958.0,2464
2233.0,5095
3727.0,2317
4225.0,1643
382.0,115
1895.0,5831
728.0,4637
492.0,1508
1102.0,1035
1125.0,1494
1000.0,4920
4133.0,174
620.0,4940
401.0,2829
9253.0,1675
8601.0,2563
501.0,1566
215.0,5873
13639.0,3649
31330.0,5467
1757.0,5938
1170.0,222
1066.0,92
1292.0,4931
1511.0,4448
9575.0,1255
1759.0,1751
2456.0,1170
980.0,4848
1989.0,44
14422.0,5109
894.0,814
704.0,3774
279.0,2383
1115.0,1685
3754.0,4216
2519.0,4077
1331.0,5802
17424.0,2253
1091.0,4508
699.0,1601
3587.0,3731
13858.0,619
1362.0,206
1548.0,111
1890.0,562
36868.0,3568
11941.0,2131
208.0,5087
1008.0,1297
662.0,1886
11598.0,3843
1505.0,1617
4793.0,5753
22059.0,981
271.0,5328
7006.0,975
1469.0,4908
2441.0,3584
9745.0,4187
2876.0,4329
1581.0,668
5422.0,4050
3260.0,4039
4454.0,1277
1778.0,4326
628.0,1521
13454.0,5045
3480.0,124
323.0,1121
4862.0,229
1445.0,5834
582.0,415
1567.0,5898
1103.0,5052
1130.0,3442
277.0,3865
2199.0,4040
4642.0,1016
6772.0,4240
1012.0,4645
480.0,166
11802.0,3602
31362.0,2892
1758.0,1218
716.0,2909
1023.0,746
6091.0,1444
1708.0,2309
743.0,388
296.0,884
704.0,2820
38645.0,3497
670.0,4277
3720.0,6073
3144.0,4592
654.0,4440
1957.0,3415
689.0,4755
2027.0,3783
8172.0,3765
2478.0,147
12939.0,3245
2023.0,1849
75280.0,5413
5592.0,716
1390.0,1436
14512.0,5962
2665.0,5455
9494.0,1360
1469.0,3469
1421.0,4177
86028.0,2657
6326.0,5758
1165.0,657
57406.0,4493
10545.0,963
476.0,5624
11694.0,3498
3416.0,3574
206.0,592
259.0,2163
8465.0,448
632.0,2514
750.0,4629
30604.0,3747
6359.0,3527
1213.0,3951
714.0,3238
6375.0,1027
3431.0,4278
340.0,436
3096.0,1030
611.0,2970
598.0,420
2088.0,4710
657.0,6140
20879.0,4886
1171.0,183
358.0,711
8210.0,2663
75919.0,4889
22950.0,3548
1701.0,283
61483.0,3692
148.0,2923
1023.0,548
228.0,1195
10200.0,3389
19108.0,3751
882.0,1434
2494.0,4247
8279.0,5290
7284.0,681
2096.0,2334
3832.0,601
2909.0,5842
132224.0,4891
2319.0,4807
1777.0,3674
11290.0,4255
369.0,1191
138.0,2956
1217.0,5900
3870.0,5553
29468.0,3141
7301.0,4481
3896.0,3207
1983.0,4862
4398.0,2342
2025.0,3304
50022.0,4496
41975.0,4866
2241.0,1728
3479.0,1676
1254.0,5369
5513.0,1076
5031.0,3355
48954.0,1831
2224.0,4364
53758.0,1539
2145.0,4916
2049.0,518
6212.0,1680
502.0,2121
927.0,5905
5041.0,2676
315.0,1845
1058.0,4098
148.0,1659
1537.0,20
131854.0,5232
1583.0,330
3560.0,3244
865.0,2437
15830.0,2539
967.0,2750
1128.0,2187
15844.0,1818
446.0,137
1439.0,4500
4697.0,3984
2318.0,4810
3742.0,745
15978.0,5189
4161.0,405
2320.0,6120
101.0,2950
3679.0,4992
11043.0,5957
4986.0,5745
614.0,4606
2430.0,3803
2546.0,1546
11378.0,2997
1285.0,2414
1051.0,1922
10751.0,1854
1612.0,883
2481.0,2636
1135.0,3159
76695.0,2557
1127.0,4630
23623.0,4651
2609.0,2427
21348.0,2032
16566.0,3524
4302.0,4118
80958.0,2890
3588.0,2666
9382.0,1502
318.0,5343
40361.0,382
18486.0,4339
11326.0,2229
7405.0,5288
3245.0,4228
358.0,838
73845.0,3359
18508.0,4695
1860.0,5402
346.0,3350
321.0,3883
354.0,833
2286.0,295
103974.0,1178
604.0,3069
73845.0,3693
104983.0,4865
2541.0,4275
378.0,882
10793.0,3844
790.0,5492
7090.0,1222
17693.0,5042
382.0,1125
114668.0,3569
2336.0,1896
5842.0,2534
10273.0,5426
19837.0,2851
5054.0,563
313.0,5582
12675.0,479
1386.0,3706
100028.0,3899
4853.0,2213
796.0,284
1666.0,5588
197.0,3147
5382.0,4428
4980.0,3857
43879.0,5963
12849.0,442
10053.0,5013
311.0,239
9295.0,31
2767.0,3391
3446.0,1584
806.0,2698
1621.0,2763
749.0,5331
237.0,1308
22204.0,5219
1486.0,5154
1631.0,1887
8159.0,12
3878.0,4032
54325.0,4652
997.0,2118
353.0,324
11769.0,2240
4872.0,5326
5968.0,4778
7307.0,5756
1780.0,1437
951.0,5185
1435.0,2917
2285.0,5137
166.0,1771
888.0,4110
27645.0,1704
5873.0,5024
2486.0,2133
2015.0,3330
451.0,1479
1792.0,1919
8846.0,918
400.0,3019
2605.0,4401
1171.0,4071
50374.0,2145
1848.0,3031
17422.0,2871
6070.0,3696
3900.0,315
12736.0,4664
782.0,4851
252.0,3149
15981.0,4224
702.0,234
1755.0,177
647.0,2031
241.0,1373
6458.0,6012
343.0,1913
17155.0,841
911.0,4995
69502.0,1451
2632.0,1394
696.0,1150
582.0,5536
96651.0,3109
607.0,459
694.0,5207
892.0,1063
3145.0,444
78939.0,2568
14321.0,1842
436.0,274
945.0,6085
364.0,5782
709.0,3341
9523.0,5456
28559.0,3490
741.0,1518
1258.0,412
2935.0,5117
9531.0,5111
12225.0,2713
5131.0,4626
53849.0,5499
465.0,83
1012.0,851
1014.0,1219
455.0,5076
1437.0,5868
3925.0,474
1398.0,2375
1531.0,2712
319.0,631
1184.0,6044
2785.0,2401
2960.0,5463
33348.0,3091
73831.0,2680
2695.0,2245
34207.0,5021
2352.0,2398
438.0,507
3437.0,596
2779.0,3826
1227.0,5851
380.0,4769
571.0,2012
351.0,2259
260.0,1955
749.0,3411
3038.0,2101
645.0,2140
33374.0,3251
273.0,2815
6496.0,5323
145.0,433
936.0,2967
73655.0,1450
66499.0,1449
293.0,543
1136.0,5009
190.0,869
2825.0,1705
36868.0,6150
2086.0,1780
1671.0,4182
551.0,2631
375.0,837
59279.0,3112
151744.0,5174
1739.0,3525
24808.0,4153
375.0,5683
885.0,719
259.0,2388
658.0,5575
140136.0,2999
1782.0,5
1839.0,1944
11668.0,340
2958.0,4106
11364.0,2000
1623.0,3376
3239.0,4158
1137.0,4870
1403.0,5276
818.0,2715
1071.0,5910
939.0,2507
1195.0,519
57912.0,1834
304.0,846
9611.0,4988
1205.0,656
775.0,254
937.0,625
18592.0,1292
1446.0,3901
23867.0,5665
4014.0,4251
592.0,1203
373.0,5387
1163.0,5977
9220.0,5472
2625.0,5918
907.0,396
4507.0,6049
571.0,935
693.0,3126
18294.0,2920
795.0,1795
1185.0,1816
1789.0,4061
2010.0,4351
39210.0,2546
8632.0,4978
6026.0,4703
15099.0,4961
6092.0,5763
74944.0,1370
6594.0,5510
4427.0,4011
2071.0,5025
7115.0,1549
2185.0,421
1599.0,1653
228.0,5152
14041.0,3546
781.0,3508
662.0,6017
19505.0,2661
1037.0,3934
1694.0,1986
2676.0,1328
4743.0,3388
199.0,3260
9125.0,4425
6404.0,279
45433.0,2080
562.0,4062
2534.0,3093
339.0,492
1365.0,5194
6051.0,3718
1979.0,5600
3046.0,3914
707.0,6105
2527.0,4160
2107.0,2093
610.0,4042
336.0,2914
23072.0,3992
1357.0,353
4336.0,5634
3793.0,2549
973.0,646
59289.0,2149
10280.0,2208
824.0,195
1410.0,6097
1029.0,4847
436.0,971
713.0,1572
1498.0,4919
45779.0,2850
25096.0,1332
233.0,4303
6630.0,3741
3507.0,3908
13833.0,4443
17778.0,4289
59070.0,4539
1239.0,4565
669.0,3097
14507.0,1099
2147.0,4948
1929.0,5805
17961.0,3746
524.0,1908
9937.0,95
37772.0,3444
3389.0,3981
507.0,5144
1690.0,2432
259.0,751
4927.0,4430
1111.0,4953
622.0,828
1068.0,5952
34947.0,2675
339.0,4167
2435.0,4597
1233.0,1529
4657.0,4068
2501.0,2622
321.0,1133
9735.0,4394
643.0,1612
2860.0,6037
1763.0,669
12483.0,5061
33106.0,4515
7081.0,5833
1262.0,5625
4085.0,5916
99869.0,2998
681.0,4456
1973.0,5367
2470.0,5754
33595.0,1737
3800.0,5857
323.0,2173
172.0,2947
20727.0,4741
328.0,1151
2777.0,4333
4325.0,3453
911.0,4398
12082.0,6008
14217.0,2885
877.0,341
90142.0,3699
1945.0,2330
147.0,409
43724.0,5046
52303.0,3922
2054.0,4422
718.0,986
619.0,3011
4535.0,3841
5859.0,3815
25228.0,5341
260.0,2160
149.0,4135
7825.0,2107
2942.0,3627
218.0,3035
1486.0,6060
262.0,1949
420.0,389
223.0,767
257.0,1557
848.0,4705
37996.0,6009
296.0,702
4741.0,2797
1522.0,205
1933.0,197
1196.0,3615
1097.0,114
452.0,558
1891.0,4589
4564.0,5446
2751.0,5759
4913.0,1385
8111.0,2127
470.0,951
614.0,269
1511.0,534
1714.0,6124
3734.0,844
1313.0,3396
46949.0,3968
2065.0,688
135.0,2063
4271.0,5595
2715.0,5908
1132.0,2089
1565.0,3716
21211.0,3816
2371.0,2347
2632.0,457
572.0,67
27549.0,2776
2368.0,3101
1101.0,4590
774.0,2469
679.0,5608
7720.0,5923
2291.0,4586
46106.0,3386
2490.0,4674
1768.0,395
2910.0,1928
18260.0,2100
441.0,2195
1951.0,1796
604.0,1786
5244.0,5975
3005.0,4708
467.0,1066
610.0,567
1165.0,5861
2388.0,6026
11461.0,6041
12052.0,2633
521.0,4471
458.0,1763
560.0,5902
796.0,658
41962.0,4815
2127.0,1686
1439.0,1325
1904.0,1247
683.0,955
8374.0,4121
155.0,3131
309.0,5436
85613.0,2250
517.0,5375
675.0,3390
15559.0,2895
9891.0,4587
584.0,2930
8949.0,2907
1068.0,5936
35397.0,4971
302.0,2860
350.0,1132
46401.0,3962
366.0,4688
7536.0,5797
1113.0,1655
3081.0,2088
641.0,460
4999.0,2298
1685.0,4772
6641.0,5225
38083.0,4951
12353.0,441
4191.0,385
593.0,393
7061.0,2429
1552.0,1787
11711.0,81
7247.0,5251
282.0,557
514.0,2807
89577.0,4007
1126.0,2117
2782.0,778
33251.0,3248
1379.0,4271
3945.0,3346
40991.0,5354
576.0,1921
1542.0,5799
292.0,2798
1669.0,5478
583.0,1472
4258.0,2684
2458.0,5458
651.0,4711
945.0,4765
10262.0,1254
65104.0,5151
746.0,1700
3487.0,621
1078.0,4433
1938.0,2648
3946.0,2688
18066.0,6022
1478.0,5993
9604.0,4737
440.0,1068
25852.0,4052
3388.0,6096
434.0,2367
5824.0,350
281.0,116
135362.0,2566
396.0,2157
28935.0,4896
793.0,5680
10332.0,2674
39410.0,1574
2621.0,4754
2064.0,1287
6098.0,3855
59311.0,4817
72176.0,4238
9426.0,4331
42432.0,3735
28557.0,862
1790.0,3309
34338.0,1637
918.0,501
241.0,4599
369.0,2948
654.0,1664
253.0,2812
705.0,2009
529.0,3098
871.0,1319
288.0,3288
865.0,5119
908.0,6108
1044.0,5945
875.0,4552
824.0,246
2771.0,1788
1397.0,5809
1180.0,267
1962.0,354
8146.0,5093
523.0,3180
9964.0,3184
11942.0,1111
2916.0,5979
1415.0,1279
4617.0,6005
7085.0,1594
2200.0,5568
787.0,2386
24229.0,5383
659.0,4756
1733.0,5715
1334.0,3344
23986.0,3660
2973.0,4088
481.0,4396
41725.0,5363
1055.0,4236
3918.0,402
1593.0,2129
1887.0,4649
1442.0,2315
1186.0,380
17187.0,1112
741.0,4797
4118.0,3438
386.0,347
4287.0,4049
19619.0,4751
468.0,410
431.0,2237
538.0,138
19995.0,3336
32681.0,3540
30693.0,5412
966.0,2340
2800.0,4288
307.0,4217
621.0,2594
351.0,1948
598.0,4716
6808.0,3327
21369.0,5047
441.0,3616
14631.0,2792
5290.0,4983
3065.0,1028
1139.0,1526
23566.0,5518
305.0,2365
464.0,1775
96877.0,3111
999.0,1241
15284.0,5065
3360.0,2780
2121.0,4792
8905.0,4352
1764.0,3317
1961.0,678
785.0,323
954.0,3769
48967.0,3872
1668.0,5287
1133.0,1214
52377.0,4420
4418.0,1397
784.0,4623
2098.0,4391
12634.0,6072
654.0,368
4664.0,5385
666.0,3677
11100.0,3440
2100.0,1038
10681.0,3744
3483.0,4338
1488.0,407
543.0,5786
8164.0,4104
10879.0,200
1449.0,6106
34856.0,3752
5399.0,5964
3870.0,1645
309.0,2166
693.0,4159
1978.0,2852
12326.0,3377
15034.0,3940
99078.0,2565
35440.0,3537
1007.0,5959
7446.0,3985
560.0,4348
800.0,275
34991.0,5204
1028.0,5764
4631.0,2226
365.0,371
466.0,2016
118623.0,1994
1613.0,726
3594.0,4924
809.0,1097
206.0,677
2209.0,2784
1154.0,58
50646.0,3137
596.0,1
207.0,3887
1623.0,5394
3630.0,4730
573.0,666
16798.0,3917
650.0,2976
1629.0,3870
8237.0,1943
1309.0,4611
3692.0,3708
633.0,1352
3512.0,5243
1274.0,3907
37836.0,4969
119.0,1976
1390.0,1144
393.0,1260
3614.0,1797
2714.0,682
3106.0,2552
1393.0,5438
770.0,3150
1355.0,372
10256.0,4126
716.0,3417
1422.0,1822
744.0,3978
253.0,4148
6196.0,1363
1401.0,1580
9388.0,3074
1669.0,49
27834.0,1365
26397.0,2465
1452.0,5663
2514.0,5223
7219.0,22
231.0,2945
501.0,912
2189.0,3909
9102.0,5423
1185.0,1950
913.0,5942
630.0,199
7429.0,3643
1239.0,5349
751.0,2861
415.0,3100
1189.0,3990
1314.0,4424
2528.0,2106
2170.0,4516
400.0,6088
1831.0,60
2184.0,5424
4493.0,2094
1028.0,671
5454.0,2046
11048.0,2435
1940.0,4147
1574.0,1773
4949.0,5811
5823.0,422
1080.0,3629
118597.0,3467
1134.0,327
2150.0,4342
1169.0,5480
491.0,4130
24381.0,4407
2835.0,3278
3968.0,469
522.0,1053
1460.0,3213
8721.0,3165
7961.0,6094
451.0,2944
7285.0,905
1464.0,3006
1758.0,3049
37850.0,6016
884.0,4724
451.0,3013
2359.0,3216
886.0,245
3262.0,5976
2320.0,5644
2194.0,4284
12131.0,4444
18933.0,3025
24133.0,5461
2894.0,4719
12324.0,5246
7096.0,3223
1728.0,259
412.0,1266
5732.0,4545
14493.0,2433
1369.0,5516
914.0,6098
2240.0,1015
572.0,3998
353.0,573
7766.0,2029
250.0,1710
7076.0,3055
342.0,2639
44887.0,3558
28108.0,5159
6936.0,864
1545.0,4834
13487.0,3827
58963.0,3698
13277.0,3991
931.0,291
4790.0,423
1908.0,3073
12618.0,3999
7435.0,2002
31301.0,3592
1673.0,61
321.0,797
1687.0,5245
9510.0,901
6312.0,3431
607.0,2290
8123.0,2081
1285.0,3240
13298.0,5177
3699.0,2192
2894.0,4693
1828.0,5400
858.0,4950
14373.0,3977
29315.0,3182
31632.0,3848
10516.0,4245
1485.0,4906
1834.0,5125
11248.0,1794
601.0,4699
11898.0,3280
72881.0,2679
1659.0,4520
465.0,1206
119.0,1300
2235.0,2242
1549.0,1562
35230.0,3913
4400.0,4655
5711.0,2632
91290.0,4964
833.0,4162
21032.0,3664
2308.0,5859
20063.0,4572
172.0,1384
1810.0,4610
965.0,157
7797.0,5112
2883.0,2454
1763.0,5692
13935.0,1837
12633.0,2463
222.0,3243
6296.0,3199
3638.0,6083
5763.0,503
308.0,2067
21834.0,2786
567.0,1249
616.0,4377
15523.0,5345
337.0,2258
25482.0,5955
2984.0,5907
2250.0,4975
9325.0,3302
220.0,753
532.0,1894
966.0,1883
101723.0,1177
8730.0,2227
10193.0,5361
2753.0,4161
8535.0,3994
968.0,4993
17583.0,3918
908.0,1466
1030.0,4853
3047.0,2042
1217.0,1326
301.0,972
14655.0,4559
6172.0,1411
1720.0,5027
15005.0,3052
51610.0,4014
1313.0,490
297.0,808
14424.0,1547
1366.0,331
1383.0,5810
1691.0,5672
5169.0,6116
3915.0,4370
999.0,1695
12750.0,3486
4633.0,9
3972.0,5289
10180.0,445
497.0,411
357.0,4544
26069.0,3275
2833.0,1160
6644.0,1324
229.0,4949
9574.0,2647
5318.0,5110
939.0,3455
4939.0,88
265.0,1161
2239.0,4156
1971.0,2921
6125.0,4234
17866.0,1497
754.0,1774
238.0,2613
2036.0,3797
2614.0,6075
2137.0,1888
4627.0,3952
239.0,1199
59171.0,5167
1119.0,2446
13946.0,383
2145.0,5268
7305.0,4914
9480.0,4309
100379.0,3385
2066.0,5573
524.0,1119
4484.0,3642
2449.0,2735
5658.0,5200
460.0,5079
959.0,1801
19789.0,3108
772.0,4468
235.0,453
21641.0,1548
4822.0,3668
609.0,1074
4320.0,3272
8114.0,2918
312.0,3145
34408.0,5603
2859.0,4874
10504.0,802
946.0,3401
4460.0,5836
359.0,2598
811.0,1513
48432.0,3871
2685.0,3318
51405.0,3356
10500.0,4776
24573.0,5614
276.0,1080
1255.0,2415
38363.0,2125
502.0,3611
1360.0,3311
1164.0,1420
420.0,455
414.0,2263
5430.0,4987
20820.0,2306
1227.0,1087
761.0,4632
1480.0,4452
306.0,630
1382.0,1532
1094.0,5316
735.0,209
1763.0,4281
912.0,1727
538.0,606
214.0,5211
2112.0,850
15004.0,1288
2356.0,5622
24614.0,801
749.0,3290
7120.0,5933
9150.0,5031
602.0,856
334.0,3095
1464.0,3805
16121.0,4849
2120.0,4858
6729.0,4577
1461.0,5001
6719.0,3795
3298.0,2091
310.0,1124
83900.0,3001
256.0,1231
31947.0,3495
5677.0,3995
314.0,3205
516.0,872
1319.0,2442
494.0,151
4168.0,3195
1101.0,2020
26745.0,921
7072.0,2241
963.0,253
1484.0,4131
1929.0,119
296.0,2987
443.0,270
7216.0,3851
1736.0,4293
369.0,1269
438.0,4473
77508.0,5357
732.0,5829
3238.0,2870
4219.0,3828
2949.0,2439
3284.0,3312
2790.0,5222
2092.0,2055
3992.0,2779
653.0,101
2512.0,339
6097.0,3937
2893.0,4885
630.0,82
2083.0,2672
724.0,2931
261.0,1465
8720.0,4053
9059.0,1043
746.0,1048
720.0,4447
16439.0,1253
17990.0,3270
1716.0,2308
997.0,1348
1209.0,3682
2417.0,5940
20022.0,1879
3671.0,1732
40009.0,3079
987.0,2515
16682.0,2251
21234.0,1640
5627.0,3189
347.0,3586
4183.0,3310
994.0,5266
202.0,4679
629.0,4999
11477.0,5015
2978.0,4208
2181.0,3895
23347.0,4512
3502.0,4192
620.0,3230
19764.0,4749
692.0,218
10401.0,4201
878.0,4298
42768.0,5658
230303.0,5173
5153.0,373
28141.0,4114
6853.0,1403
175.0,1864
167.0,1945
1969.0,969
585.0,2228
883.0,5437
1463.0,230
2119.0,1587
888.0,1578
2077.0,1920
10199.0,785
1088.0,3509
8113.0,2900
2202.0,5571
25914.0,2574
835.0,2974
32667.0,5303
542.0,1071
144.0,2050
1326.0,93
613.0,5639
14261.0,3380
4405.0,2877
649.0,2550
572.0,4259
10178.0,5228
24946.0,1295
2376.0,5703
9065.0,2255
349.0,4283
145.0,4994
11243.0,1335
530.0,2902
327.0,774
16621.0,5470
24732.0,4402
324.0,3254
10282.0,3452
888.0,714
1943.0,5427
4384.0,4170
2786.0,523
12093.0,1742
2452.0,4943
28160.0,4019
9753.0,3810
391.0,1871
1101.0,4123
33549.0,4818
451.0,5583
346.0,839
3544.0,1829
1732.0,4184
34718.0,5150
1863.0,1984
7848.0,4748
2370.0,5503
315.0,526
485.0,1914
38995.0,559
16425.0,1293
3765.0,3553
21820.0,5557
1835.0,1425
2247.0,3858
2957.0,4180
400.0,2673
13707.0,4319
265.0,5140
10596.0,4166
29985.0,4096
1028.0,1926
111.0,812
8341.0,5051
11822.0,5974
142258.0,4008
31109.0,3801
780.0,1768
25192.0,2771
945.0,3326
935.0,5115
1052.0,3720
7192.0,980
1040.0,2304
2452.0,504
20509.0,1749
1105.0,6013
950.0,6130
3051.0,3402
4196.0,33
456.0,1188
256.0,633
9324.0,4625
2734.0,4013
2864.0,6071
30102.0,4607
671.0,900
3554.0,5352
1062.0,1927
4092.0,5542
54281.0,3925
1219.0,1489
55795.0,4064
1180.0,5023
797.0,5689
4378.0,1987
12415.0,3849
19342.0,3434
85381.0,4658
3639.0,2396
724.0,5733
292.0,763
1347.0,3450
8905.0,3589
3177.0,2168
7607.0,3463
220.0,686
34530.0,5795
916.0,2376
1894.0,2115
1265.0,5734
7103.0,10
1115.0,1117
501.0,428
984.0,3948
326.0,1847
3521.0,2652
1178.0,5679
481.0,4297
331.0,2167
8495.0,4622
5907.0,146
4843.0,3478
2369.0,4985
27364.0,3690
3843.0,98
541.0,3626
8694.0,2554
4934.0,5960
395.0,193
47151.0,6102
923.0,5308
1282.0,2868
383.0,2059
12861.0,2021
2963.0,3882
2522.0,853
13789.0,5113
1400.0,243
968.0,4082
232.0,2927
318.0,4304
456.0,4936
1516.0,1911
2025.0,4541
1106.0,5777
753.0,4767
298.0,672
561.0,5280
5012.0,2462
8082.0,1736
802.0,4997
11401.0,1708
2680.0,4409
1183.0,4279
750.0,2092
1631.0,3608
1497.0,4270
2235.0,5844
15420.0,5241
683.0,3703
590.0,956
2495.0,3533
4372.0,5544
18990.0,1366
8550.0,2573
7126.0,3262
5829.0,145
1036.0,2896
2611.0,1715
3331.0,5973
10477.0,3892
2082.0,2620
1310.0,3157
10462.0,4280
12549.0,5560
5593.0,3973
15214.0,104
192.0,1081
16765.0,3541
506.0,163
338.0,3070
3540.0,2119
11108.0,2778
20014.0,4411
1532.0,1134
4683.0,2671
617.0,1175
4837.0,533
875.0,3342
578.0,2767
6233.0,4678
10701.0,5970
3438.0,3190
3003.0,5669
439.0,343
435.0,1153
223.0,1555
3210.0,4290
791.0,1317
34089.0,2910
3808.0,4570
791.0,186
700.0,4212
1077.0,3475
1583.0,2428
23998.0,5752
863.0,4462
1565.0,4725
230.0,705
264664.0,5171
50883.0,337
3214.0,4828
6646.0,5247
1539.0,3507
320.0,6087
17396.0,3834
613.0,727
3296.0,4155
310.0,886
2729.0,4529
2593.0,5248
1370.0,5968
4700.0,781
645.0,1527
24055.0,2962
21361.0,297
494.0,4912
2287.0,1804
11184.0,400
5924.0,2526
23381.0,2531
1974.0,893
7201.0,5218
308.0,2703
2021.0,473
11442.0,4020
2961.0,5969
540.0,5078
502.0,4434
264.0,819
1831.0,2217
2885.0,6021
31042.0,4738
6117.0,4146
673.0,1723
678.0,2333
2224.0,5433
25765.0,4657
828.0,3581
3761.0,5961
5161.0,5291
1521.0,2186
38240.0,3436
660.0,970
1910.0,5479
663.0,5549
4063.0,4308
4850.0,2096
274.0,304
373.0,1759
11608.0,4980
607.0,5687
8245.0,2649
16772.0,1632
1338.0,1903
7185.0,2747
292.0,1285
7968.0,1747
2699.0,3371
4838.0,806
627.0,1201
1226.0,4264
102241.0,4965
17276.0,5954
39267.0,1734
970.0,1628
7878.0,3393
257.0,946
17344.0,4991
1576.0,123
895.0,2873
1658.0,4316
2557.0,4880
1232.0,1647
39656.0,3875
31590.0,1836
1016.0,1414
335.0,2072
1537.0,5050
341.0,885
1318.0,1917
35087.0,6149
294.0,5070
726.0,3118
2590.0,5391
534.0,2789
707.0,333
10272.0,4786
1868.0,800
1569.0,3796
900.0,1530
334.0,1429
310.0,1865
12358.0,915
670.0,3193
166.0,4685
614.0,2988
1625.0,6011
2648.0,1141
2860.0,404
624.0,4925
687.0,2859
3852.0,5429
644.0,4802
12603.0,2079
1346.0,6032
113355.0,5156
974.0,547
1149.0,4175
13583.0,2863
2970.0,1989
39946.0,1892
959.0,578
2122.0,1699
228.0,4934
413.0,556
6186.0,3226
7484.0,4794
647.0,4301
94305.0,5035
625.0,2858
8098.0,3838
2588.0,4367
928.0,2114
223.0,566
48512.0,5705
780.0,3196
153.0,695
408.0,2709
40581.0,4513
29565.0,3594
218.0,2078
1820.0,3209
405.0,737
12258.0,3842
4934.0,5317
17723.0,5611
4203.0,1698
4009.0,4581
25173.0,3846
132304.0,5297
6370.0,5292
26205.0,4478
1351.0,2338
7627.0,4753
1050.0,5309
26267.0,5574
2328.0,6110
45188.0,782
993.0,610
12817.0,5041
4838.0,287
617.0,2624
6225.0,2800
42341.0,4819
2878.0,1792
10264.0,3232
371.0,3997
759.0,5432
403.0,2730
6405.0,2343
881.0,4174
2514.0,5003
22794.0,5793
2730.0,5012
474.0,1630
205.0,3955
1698.0,3959
15195.0,2656
2427.0,1607
475.0,3454
701.0,1056
421.0,1672
1534.0,5901
231.0,1156
4032.0,5346
4219.0,6114
9208.0,2349
18657.0,5176
837.0,2983
257.0,2181
407.0,181
20269.0,3273
7248.0,1830
7633.0,5848
3655.0,1412
2651.0,2535
800.0,1701
4457.0,4579
244.0,367
317.0,1137
1167.0,1516
4630.0,5698
970.0,5835
6007.0,3400
1502.0,4353
6716.0,983
248.0,3170
261349.0,5104
1184.0,3364
55972.0,4340
2208.0,3117
850.0,4647
5945.0,3556
28678.0,298
536.0,4781
821.0,2536
1843.0,5917
148.0,3042
463.0,4311
6635.0,2305
365.0,690
651.0,4460
17067.0,4268
6971.0,3793
1283.0,4868
570.0,112
5696.0,4750
7020.0,1499
10173.0,3201
2559.0,5934
6268.0,3669
24241.0,3931
3321.0,3729
70850.0,1460
28213.0,2098
2307.0,1484
2294.0,5589
6620.0,2312
2083.0,4371
1251.0,1706
1581.0,1491
471.0,4768
323.0,954
41590.0,5563
5527.0,1930
852.0,600
451.0,5057
163.0,1561
1642.0,319
21521.0,1790
1043.0,435
138.0,3067
66468.0,3200
3167.0,2626
3334.0,6070
1014.0,3085
21220.0,5454
11564.0,5128
5125.0,5406
237.0,913
2820.0,589
4792.0,3285
5058.0,6018
4686.0,6119
375.0,3517
80761.0,3072
29493.0,1941
1598.0,2989
17826.0,5567
1734.0,3120
34654.0,3471
928.0,3340
775.0,52
887.0,2585
4871.0,2981
864.0,366
174.0,5723
1838.0,4761
25806.0,2322
1253.0,440
1226.0,2864
787.0,2027
12910.0,5371
3305.0,2045
91559.0,2775
492.0,3155
1549.0,3062
1297.0,5839
18432.0,5032
4032.0,85
9274.0,3277
1354.0,3339
3294.0,1798
14335.0,4739
12196.0,4315
5195.0,32
61132.0,1452
2343.0,5333
306.0,1381
912.0,546
5679.0,3686
29846.0,1537
18299.0,3218
66710.0,1993
800.0,1505
201.0,736
339.0,1006
819.0,6145
808.0,278
291.0,2406
141.0,5732
409.0,4635
10371.0,4400
277.0,875
2192.0,3103
111771.0,5034
1891.0,5401
1832.0,5694
41109.0,2884
6461.0,4959
341.0,1602
32853.0,4982
1273.0,2762
522.0,3782
671.0,4518
222.0,443
631.0,4833
7828.0,4568
1549.0,416
1753.0,6033
85730.0,2457
3451.0,1658
34174.0,5983
1270.0,427
1183.0,3373
7001.0,5362
2413.0,2207
63751.0,4256
8237.0,3192
662.0,2975
2227.0,5626
7969.0,2527
4774.0,377
344.0,1517
1456.0,5381
2411.0,24
10385.0,184
2124.0,4939
7795.0,1639
217.0,3956
890.0,1235
309.0,4551
373.0,5006
33010.0,3739
1438.0,3502
1866.0,728
1942.0,456
1304.0,4362
1047.0,1873
747.0,4861
3033.0,1893
2437.0,2731
7267.0,5792
1148.0,5306
1583.0,2630
24801.0,3637
585.0,3776
5150.0,2436
35016.0,4404
696.0,5139
92855.0,4876
1415.0,256
12309.0,2232
1340.0,3078
1317.0,216
192.0,3036
1080.0,2714
997.0,1755
798.0,3162
1863.0,1850
489.0,8
5270.0,5892
249.0,1869
31428.0,1839
1233.0,5944
1503.0,5743
1767.0,2651
800.0,1815
779.0,1501
1159.0,4832
1047.0,2757
30536.0,3928
2728.0,5305
250.0,4836
2728.0,3532
42421.0,4821
714.0,2395
428.0,1956
935.0,4854
301.0,542
606.0,1341
359.0,1270
6097.0,1738
3650.0,1525
3453.0,2764
2461.0,3102
8695.0,4483
3358.0,5254
4034.0,2990
1394.0,1753
1502.0,110
1021.0,3522
1485.0,5193
3931.0,5958
284.0,1344
571.0,1342
2514.0,6054
1497.0,1860
45388.0,6152
2262.0,5704
5894.0,1128
58812.0,4894
957.0,6089
10240.0,3933
1108.0,5576
941.0,28
1725.0,262
795.0,313
209.0,5871
46249.0,2570
518.0,3058
2369.0,3814
358.0,3022
1417.0,2053
951.0,5390
107652.0,4054
3157.0,30
29711.0,1778
891.0,4602
6304.0,3504
489.0,1312
4082.0,1591
97027.0,3596
5940.0,1684
718.0,1862
673.0,1050
431.0,1764
1204.0,122
119.0,5885
29904.0,1942
3539.0,5922
1482.0,3717
49040.0,5355
301.0,762
3585.0,3678
1147.0,4084
182.0,531
1602.0,3449
8651.0,5158
2005.0,5132
15524.0,4899
9717.0,1581
36118.0,3661
1474.0,5891
15654.0,4506
3008.0,2655
4978.0,3742
221.0,628
759.0,4523
14281.0,4642
191.0,5148
326.0,5483
1139.0,3365
70073.0,3357
14884.0,3399
50115.0,2682
2081.0,5621
1438.0,4668
364.0,5727
5387.0,5710
4627.0,1867
1768.0,6043
187459.0,5169
4916.0,3897
923.0,3526
55615.0,3276
3364.0,4205
784.0,5484
3128.0,5528
12844.0,4582
1524.0,3675
864.0,1310
36297.0,2664
1474.0,3425
1172.0,185
54546.0,3927
4211.0,5063
2717.0,5906
987.0,4795
936.0,487
12268.0,2793
3591.0,1767
1568.0,6004
883.0,1510
1949.0,4901
1468.0,3575
2119.0,5550
2325.0,1730
866.0,3476
923.0,1696
733.0,2984
1204.0,4806
2937.0,5094
1352.0,3284
160480.0,5358
22314.0,4138
5859.0,4385
26379.0,2450
1290.0,1983
289.0,831
337.0,2176
10979.0,3551
364.0,1198
631.0,2935
491.0,4249
16180.0,446
1215.0,155
7838.0,5263
7647.0,434
1755.0,3701
686.0,1115
124.0,1327
183.0,6137
3599.0,1646
2285.0,3348
565.0,2086
303.0,604
974.0,3349
297.0,842
231.0,1262
584.0,4855
617.0,1282
10446.0,961
7143.0,3920
984.0,2214
1914.0,4431
2063.0,4165
906.0,3577
599.0,5490
2600.0,97
3370.0,3325
2374.0,2025
11349.0,2996
1563.0,3321
19279.0,4972
785.0,4457
20964.0,5404
1416.0,1843
1874.0,4332
2925.0,5267
18896.0,5453
10355.0,351
1187.0,2969
387.0,5145
1631.0,2218
4988.0,5183
27778.0,2350
2023.0,5260
2274.0,3963
4994.0,1142
912.0,3198
819.0,2374
11931.0,3734
20333.0,5055
3757.0,3474
220.0,386
435.0,302
539.0,2170
1229.0,1805
2198.0,1615
11141.0,3460
19897.0,3788
26344.0,2095
908.0,506
2641.0,5310
8912.0,922
112405.0,336
380.0,1483
1517.0,6112
8872.0,3970
17333.0,3597
1101.0,5521
4315.0,3888
3061.0,369
41561.0,5654
25822.0,5562
6226.0,724
1862.0,5800
14202.0,4656
307.0,2744
2112.0,1413
269.0,1008
1435.0,5322
1260.0,4417
1826.0,5552
5847.0,1642
3535.0,6134
4503.0,1055
258.0,1652
53072.0,1406
1578.0,2197
2534.0,5849
3097.0,464
9421.0,1745
598.0,3578
395.0,1353
12014.0,5314
836.0,2400
381.0,5196
8732.0,2345
2593.0,4186
316.0,1392
927.0,3334
4541.0,5250
1259.0,1248
893.0,1169
1517.0,5179
11128.0,2964
597.0,3040
5840.0,5143
851.0,1075
2530.0,1852
5878.0,5555
24068.0,845
23925.0,1323
574.0,2855
21372.0,3585
942.0,1291
569.0,4299
45545.0,3753
27816.0,4415
949.0,5198
837.0,4080
2600.0,406
499.0,76
1483.0,334
32145.0,3646
1026.0,1960
547.0,1238
789.0,2402
1017.0,552
550.0,3767
356.0,219
3525.0,2235
3768.0,3617
734.0,273
2701.0,4840
38126.0,1461
165502.0,5236
13284.0,79
42089.0,4654
5167.0,450
2538.0,4204
512.0,1711
5580.0,3969
50391.0,3874
1332.0,2898
1284.0,4534
191.0,3175
29350.0,3655
1395.0,2490
850.0,1309
1471.0,3950
738.0,192
38922.0,3539
2134.0,338
2267.0,1851
650.0,271
8029.0,4777
747.0,1221
480.0,2577
2475.0,3256
927.0,4363
5593.0,6035
1065.0,6113
5045.0,3461
2089.0,4111
3025.0,5984
24823.0,2919
1590.0,5965
2739.0,4646
1631.0,6050
14191.0,3591
1133.0,1716
1504.0,3211
90714.0,1459
3838.0,5579
4462.0,2994
16872.0,3757
1932.0,5449
4622.0,4419
131.0,607
1150.0,235
1512.0,2292
14427.0,4763
682.0,387
117171.0,2888
1242.0,1610
1557.0,5493
2338.0,1641
4955.0,3462
917.0,1560
13500.0,4574
13849.0,4195
2373.0,3684
1764.0,4884
56688.0,2644
231.0,2473
624.0,4998
1459.0,29
8548.0,1158
5743.0,4760
13639.0,1182
9692.0,5255
1086.0,4930
506.0,2827
1777.0,1977
318.0,1237
40983.0,4322
21306.0,4942
3174.0,3183
30285.0,1041
1121.0,999
806.0,1714
147.0,4136
1377.0,5685
771.0,2335
10060.0,904
1862.0,2128
863.0,4872
5678.0,171
940.0,1579
1296.0,3296
1786.0,227
623.0,1278
1458.0,4684
4566.0,1975
1099.0,4003
729.0,2742
2332.0,5631
334.0,3015
763.0,858
1414.0,2869
6194.0,5018
574.0,4616
4335.0,5421
261.0,2727
91301.0,2774
1183.0,54
3219.0,3212
6022.0,4502
14804.0,1445
344.0,2393
48655.0,5373
2221.0,993
177.0,2609
2622.0,3119
28300.0,5281
1384.0,4729
2560.0,3580
851.0,2159
12864.0,103
1888.0,2307
567.0,2985
8510.0,5374
2949.0,3613
260.0,525
673.0,3889
3717.0,2913
95648.0,1636
2777.0,3151
1554.0,1724
976.0,4467
1190.0,1147
1205.0,4017
496.0,2758
597.0,2272
2748.0,3736
1350.0,4842
241.0,810
758.0,4774
305.0,2062
1437.0,6084
2892.0,1311
1300.0,1668
1687.0,1398
5799.0,5628
243.0,857
3082.0,3856
684.0,1205
36732.0,2683
50012.0,5613
1041.0,36
916.0,1559
3196.0,4771
11084.0,4497
93490.0,1890
902.0,451
342.0,4548
604.0,1268
636.0,5548
2306.0,3860
1413.0,1743
16375.0,2410
242.0,2718
892.0,53
613.0,2600
967.0,3712
286.0,1336
1954.0,3634
4151.0,1679
833.0,2912
212.0,3397
19850.0,3113
3005.0,5812
6056.0,23
19257.0,2519
1228.0,5822
2794.0,3188
727.0,1286
12565.0,4484
9023.0,3361
343.0,3711
45645.0,4489
19282.0,960
653.0,2799
6913.0,4583
1019.0,791
70758.0,5096
300.0,5273
2950.0,1172
41941.0,3221
2331.0,2083
907.0,1586
7313.0,5950
2080.0,5344
286.0,290
562.0,4640
3018.0,4944
2218.0,2332
1626.0,3877
124.0,793
3152.0,1356
1468.0,4183
8643.0,5126
560.0,3947
800.0,5869
299.0,2052
3190.0,2638
1249.0,2222
80652.0,5295
19598.0,4575
1708.0,4344
4134.0,2689
12305.0,1256
42604.0,3563
4096.0,86
237.0,2697
3986.0,2619
382.0,1149
26322.0,2239
6379.0,5091
15776.0,2749
622.0,5397
34111.0,3030
685.0,3265
8061.0,2533
45250.0,2461
471.0,4859
5192.0,4327
2865.0,5501
1558.0,6133
10720.0,4744
19201.0,1404
37663.0,3468
280.0,3064
3145.0,1904
1121.0,2738
707.0,1895
1339.0,3105
1911.0,1583
449.0,3727
346.0,1485
10088.0,5212
745.0,495
597.0,3868
3005.0,2321
2188.0,5531
2032.0,5408
9260.0,4789
17076.0,5447
36788.0,3791
13775.0,3618
99466.0,3493
22714.0,1719
2438.0,4078
2567.0,3208
2371.0,3414
745.0,3050
655.0,5138
15125.0,1593
1481.0,2198
28421.0,618
1708.0,3601
724.0,4528
2618.0,4034
1549.0,5205
366.0,5999
36887.0,4746
6117.0,1393
481.0,1307
3381.0,5533
5079.0,5591
617.0,3884
56223.0,2547
7148.0,5301
501.0,2840
971.0,3583
19989.0,6153
955.0,1094
15330.0,3665
8233.0,5890
2000.0,1390
3305.0,425
4710.0,3134
4141.0,43
1809.0,4558
13885.0,4661
613.0,1077
507.0,5279
11136.0,4101
3611.0,4591
1041.0,5398
49405.0,6101
3055.0,5713
2073.0,5808
1344.0,4450
183.0,4108
11802.0,4410
760.0,1086
676.0,3206
1404.0,1931
5510.0,3960
2153.0,4356
313.0,924
1294.0,4531
9975.0,5903
9209.0,5987
8152.0,5410
1045.0,4717
1031.0,731
1207.0,1756
1141.0,1866
5253.0,1558
2471.0,4867
2018.0,4442
333.0,1713
36056.0,3246
298.0,1471
1346.0,4641
9784.0,3772
1587.0,1585
7360.0,3987
6754.0,597
5187.0,3187
336.0,2382
1467.0,4031
6215.0,4262
2811.0,5417
83309.0,5751
20664.0,3898
25219.0,4962
564.0,2595
35311.0,2039
8176.0,3670
295.0,4527
3595.0,87
324.0,2946
1306.0,169
545.0,1515
523.0,5071
12480.0,3748
1367.0,4354
29686.0,5452
698.0,344
9822.0,1988
29847.0,3609
319.0,776
1307.0,2152
1476.0,2190
7811.0,5507
325.0,1305
51056.0,5706
3512.0,5508
474.0,649
377.0,1616
14807.0,902
840.0,4437
369.0,873
197112.0,5233
903.0,121
255.0,634
1926.0,2441
1356.0,1189
30059.0,5513
285.0,944
4380.0,1334
488.0,787
85977.0,2660
6752.0,1036
5414.0,5750
512.0,154
10599.0,4051
356.0,1760
4715.0,4152
2203.0,2001
1378.0,35
1135.0,1609
1041.0,1722
1280.0,602
1907.0,2971
295.0,2271
3027.0,4595
754.0,5522
1842.0,1315
784.0,2628
7153.0,3671
45436.0,1455
14600.0,4594
3608.0,1687
13163.0,1037
422.0,3281
4870.0,375
474.0,188
4081.0,1395
14257.0,4897
2843.0,5133
76742.0,3090
6421.0,1540
8976.0,1239
275.0,1212
455.0,3954
256.0,2720
1094.0,1608
23597.0,783
940.0,1503
278.0,527
3338.0,6093
132775.0,4967
711.0,2826
11722.0,2142
4760.0,4168
453.0,2788
1016.0,308
5205.0,1456
8490.0,6151
66731.0,3595
7079.0,3916
5331.0,5855
179.0,5726
1664.0,1482
3973.0,3114
368.0,1208
4581.0,1991
2721.0,4588
1804.0,63
17281.0,5880
15564.0,5556
1178.0,260
958.0,5258
1875.0,5186
1676.0,3299
6574.0,5485
411.0,5334
2178.0,1589
1068.0,3480
16792.0,3743
2329.0,1900
44961.0,4576
21250.0,3935
10323.0,118
1477.0,2875
417.0,3514
155.0,272
192.0,3099
850.0,223
29042.0,5166
353.0,3168
587.0,6128
25914.0,2558
47123.0,4094
40291.0,5657
1658.0,2412
4005.0,2467
600.0,231
411.0,3366
495.0,1424
996.0,4879
48412.0,5642
11702.0,1454
1670.0,2341
303.0,328
773.0,4085
126729.0,3538
2135.0,2281
82161.0,2249
1737.0,4206
6754.0,1791
13994.0,1538
4643.0,4567
3582.0,5122
1180.0,6029
5263.0,5162
40716.0,1331
2120.0,263
242.0,4464
14740.0,3936
17831.0,7
3394.0,2862
1405.0,3368
405.0,2054
14479.0,120
994.0,4921
793.0,4439
6496.0,6123
3314.0,6051
26677.0,3485
6944.0,4093
892.0,664
6028.0,3830
2611.0,3320
6504.0,1674
83169.0,4990
652.0,4438
125623.0,5102
19363.0,1042
688.0,1167
1952.0,1495
275.0,5781
15242.0,4676
7991.0,4193
92123.0,5653
3710.0,5430
1461.0,3732
8599.0,4731
7872.0,5742
1607.0,5947
1214.0,665
1922.0,5530
2149.0,5014
12611.0,3688
1867.0,3894
3970.0,1848
3466.0,4073
1743.0,2510
5585.0,5646
4425.0,1439
28692.0,5876
1745.0,4092
51446.0,4421
1639.0,3996
1203.0,4904
1768.0,1929
41496.0,3638
775.0,807
2415.0,5377
13009.0,5650
1132.0,4927
784.0,5912
92701.0,5108
3353.0,3714
566.0,3125
1022.0,4384
8729.0,2316
136.0,2582
1031.0,399
48988.0,2135
3461.0,2551
1892.0,4841
4448.0,852
1441.0,1143
11886.0,3354
1812.0,4604
81723.0,2773
16321.0,1545
974.0,2203
2243.0,1174
1859.0,549
797.0,1512
1180.0,268
396.0,1092
1464.0,2162
978.0,3771
31869.0,4735
707.0,310
238.0,3179
1800.0,1614
43713.0,1369
2592.0,3817
7224.0,5213
827.0,1627
2613.0,1490
356.0,836
482.0,2602
2290.0,1746
6360.0,5662
538.0,5881
1535.0,4721
862.0,1519
881.0,2324
1300.0,5214
406.0,2366
13381.0,5609
180.0,1419
1425.0,4612
1862.0,4253
640.0,2491
331.0,2301
19304.0,2082
1631.0,3640
8578.0,3590
424.0,4562
9056.0,5060
2512.0,4325
472.0,5208
2271.0,957
215.0,3021
2576.0,4598
6145.0,4272
7220.0,265
235.0,996
465.0,1162
31708.0,3570
1318.0,379
13300.0,5293
1044.0,2399
2195.0,5405
260.0,3257
39734.0,1105
1867.0,2109
729.0,4379
445.0,168
14276.0,3622
657.0,4681
1426.0,2765
261.0,2616
1256.0,910
7984.0,3457
1488.0,2901
42091.0,2448
1058.0,1707
3906.0,3032
2496.0,4179
7578.0,2899
2635.0,4445
8699.0,2543
641.0,5264
181.0,3307
165.0,238
38086.0,4736
39322.0,1936
1433.0,3426
12989.0,1396
7940.0,3459
5560.0,5227
2923.0,2185
1626.0,4076
958.0,4682
1496.0,5440
7000.0,3387
1035.0,4002
1755.0,2691
2300.0,1399
383.0,1299
571.0,5619
56904.0,5514
1445.0,3283
3541.0,3534
1378.0,3600
591.0,2233
1692.0,2130
556.0,733
15742.0,3274
1655.0,4929
303.0,825
41017.0,4491
7712.0,1793
7364.0,3562
10902.0,1898
14488.0,1835
672.0,5201
1897.0,3515
712.0,555
1080.0,3705
4657.0,2785
6680.0,5252
764.0,554
1481.0,3104
527.0,2704
646.0,191
137.0,2694
15724.0,4426
730.0,2897
19001.0,4116
13340.0,5466
5518.0,6078
1282.0,2090
919.0,2193
581.0,1980
1623.0,3824
31901.0,2248
606.0,5004
551.0,2601
1184.0,2220
3643.0,135
208.0,228
5355.0,4069
129118.0,4892
4251.0,39
1856.0,5428
1389.0,4469
231.0,1047
26829.0,2555
6467.0,1821
2832.0,3010
3968.0,4569
10317.0,2302
628.0,4395
29592.0,4790
14001.0,3964
3633.0,662
4673.0,2216
2713.0,6025
4614.0,5597
2368.0,1031
924.0,3363
527.0,2196
19310.0,1833
1479.0,1033
1730.0,255
144.0,2835
5675.0,1019
335.0,1875
345.0,1811
10206.0,6046
229.0,2474
12644.0,3850
15060.0,4659
1483.0,3116
1121.0,2132
1582.0,5695
650.0,3088
423.0,1377
392.0,66
271.0,4380
307.0,827
1593.0,1400
786.0,2005
3352.0,89
383.0,6104
409.0,160
30818.0,3247
4387.0,4902
8112.0,4024
2975.0,6006
765.0,1954
3060.0,1899
47137.0,1104
36300.0,3465
2784.0,2748
24304.0,779
295.0,4550
9517.0,5915
653.0,5640
30807.0,4225
160.0,2949
6195.0,4026
841.0,288
13851.0,1997
227.0,738
18959.0,3758
8530.0,1375
1219.0,3579
50965.0,4141
11166.0,4103
2220.0,5392
1145.0,5853
349.0,949
905.0,505
562.0,34
3875.0,2158
5095.0,5991
104356.0,4816
710.0,5725
19411.0,3760
504.0,1469
27821.0,6039
907.0,321
1960.0,3395
798.0,684
2662.0,5321
304.0,1337
1435.0,4669
1330.0,4838
2883.0,18
339.0,4680
18732.0,5500
347.0,2615
1335.0,4700
608.0,139
1094.0,614
54793.0,848
678.0,2705
544.0,143
4638.0,2108
240.0,594
61479.0,4814
14740.0,381
363.0,927
597.0,1656
4302.0,2296
1667.0,466
952.0,5739
1736.0,5919
987.0,4432
27241.0,4009
61287.0,2891
784.0,4423
18189.0,3852
53094.0,1251
637.0,250
3045.0,3470
7992.0,4399
14272.0,3809
8959.0,4561
98158.0,2567
2432.0,5740
61344.0,2201
2505.0,5482
2409.0,5435
3621.0,4532
724.0,5632
764.0,4022
23889.0,1109
339.0,582
375.0,777
1647.0,4691
2653.0,2980
692.0,1826
3554.0,4199
837.0,5526
46961.0,4124
2995.0,102
343.0,898
1092.0,4194
1063.0,1998
9733.0,1784
3634.0,1554
2498.0,4784
3990.0,1014
15716.0,1498
1607.0,2
356.0,796
5012.0,72
5025.0,4933
1674.0,5761
533.0,1877
6709.0,3536
3176.0,5926
2219.0,4702
2201.0,1263
45215.0,4140
10725.0,5925
1627.0,3768
34855.0,4585
1202.0,3819
8142.0,5092
36491.0,2575
4373.0,5184
573.0,1281
200.0,696
372.0,1772
2136.0,6095
1628.0,1782
33151.0,3337
260.0,3236
849.0,4143
2005.0,3394
266.0,627
65737.0,3603
353.0,391
1694.0,1702
5392.0,1531
1781.0,3813
216.0,5146
17647.0,1023
18944.0,3807
677.0,1140
3324.0,3158
1180.0,2523
638.0,1754
360.0,320
16636.0,3689
37856.0,1840
8299.0,426
344.0,1571
890.0,5529
2224.0,2754
3849.0,4463
488.0,4476
303.0,2811
6416.0,3544
69720.0,3658
2203.0,2212
6361.0,741
42536.0,4505
979.0,5520
413.0,2966
8283.0,3005
11269.0,2231
552.0,1428
3391.0,5459
3564.0,46
3449.0,1985
276.0,3060
5607.0,919
3154.0,4603
292.0,5870
363.0,2787
1165.0,1681
672.0,361
57570.0,1246
946.0,3529
307.0,5737
1164.0,1924
3458.0,73
6630.0,40
743.0,182
635.0,4389
1678.0,355
39632.0,1748
46755.0,2569
1145.0,277
1668.0,5722
402.0,3123
1425.0,6131
1122.0,261
15763.0,4613
3354.0,5029
486.0,5005
1043.0,2641
2834.0,4783
567.0,348
698.0,2732
32044.0,3593
571.0,3235
5656.0,4190
7565.0,4033
1125.0,1064
13260.0,4202
6095.0,2618
2205.0,1215
859.0,868
2629.0,4320
2717.0,965
2586.0,332
3364.0,2828
1427.0,2424
502.0,730
423.0,1712
9924.0,3269
569.0,1223
28742.0,6079
805.0,3087
442.0,1232
272.0,484
3334.0,4852
552.0,2959
1185.0,3056
16527.0,1358
2108.0,2030
297.0,569
6928.0,5927
1387.0,3886
42736.0,3220
10046.0,1901
781.0,2224
3565.0,1276
24189.0,2359
1064.0,233
27509.0,4490
1817.0,5863
2585.0,6057
961.0,1863
1127.0,2277
30760.0,4511
20397.0,5044
1636.0,3096
4466.0,1258
5166.0,2637
359.0,3416
5469.0,4188
30813.0,2449
1303.0,5789
928.0,5791
3808.0,3202
13593.0,4900
2123.0,5897
6516.0,4571
8396.0,4805
340.0,226
568.0,2426
9834.0,3639
8264.0,500
457.0,2017
316.0,1152
2757.0,13
15616.0,3679
13582.0,3338
304.0,1226
11309.0,1810
19054.0,4970
1293.0,5807
2135.0,3107
6862.0,91
4010.0,3441
335.0,2058
649.0,3481
3810.0,3227
1188.0,6030
11873.0,2138
627.0,3234
1986.0,1605
47935.0,4752
1235.0,5596
4785.0,4337
4911.0,5419
353.0,3130
842.0,3885
1528.0,540
902.0,4860
27207.0,2770
1445.0,5570
19649.0,6074
42144.0,4747
633.0,365
301.0,532
14379.0,2256
328.0,1524
23009.0,5471
16279.0,5283
19073.0,1691
3344.0,5994
216809.0,5235
5894.0,4413
2102.0,976
2154.0,6132
136.0,1522
589.0,5368
2038.0,3297
848.0,2578
1999.0,5648
1608.0,1599
275.0,4720
32390.0,1935
3119.0,5319
321.0,4386
2620.0,5997
929.0,461
12453.0,5056
67791.0,499
418.0,4465
8783.0,4169
5329.0,3941
1144.0,3820
6888.0,5730
267.0,3362
1448.0,3531
329.0,1874
2093.0,4533
2064.0,2882
33224.0,498
1843.0,2223
373.0,3499
12816.0,3749
27167.0,4898
1237.0,3375
8043.0,2537
1729.0,392
15376.0,4573
488.0,3867
4852.0,5450
9486.0,6146
688.0,4521
647.0,994
351.0,1011
17886.0,3435
29749.0,1184
564.0,1435
318.0,1186
802.0,2007
311.0,1387
1141.0,2806
1440.0,3730
5677.0,5519
722.0,673
2474.0,4758
920.0,2541
1586.0,5774
59754.0,3566
347.0,4932
11448.0,96
1978.0,3266
12601.0,4977
1236.0,4883
260.0,3587
1135.0,2295
1265.0,2337
35702.0,679
685.0,107
552.0,493
777.0,1148
2627.0,5904
11886.0,5364
39970.0,4723
1375.0,2524
585.0,1506
1312.0,775
3808.0,3106
2105.0,5776
1660.0,5911
1159.0,2202
265.0,1378
10068.0,3382
955.0,5257
4636.0,654
17707.0,4979
2718.0,5422
1070.0,576
2321.0,1536
40259.0,3779
571.0,1001
632.0,4230
3682.0,258
6410.0,1183
1042.0,5971
14340.0,19
4393.0,398
1150.0,2084
2101.0,6082
1446.0,3084
98585.0,5416
660.0,966
1024.0,5180
2034.0,3430
975.0,2318
13865.0,2357
27216.0,4125
52737.0,5033
431.0,3156
1657.0,5262
41790.0,1735
5151.0,4517
3083.0,6099
2065.0,1678
24556.0,3002
10946.0,4358
35850.0,5114
4960.0,1552
2569.0,2801
9528.0,5425
1799.0,5598
2072.0,5850
28586.0,3792
2297.0,5852
1632.0,1533
1238.0,5502
1229.0,3409
671.0,1135
7413.0,1817
1847.0,5951
679.0,1062
3190.0,1447
90071.0,2772
16465.0,1889
1249.0,1626
13175.0,4524
962.0,164
23296.0,1448
340.0,4937
3185.0,5854
2528.0,5696
978.0,78
1264.0,1959
17653.0,1644
1494.0,4566
5823.0,2413
14008.0,4653
18803.0,1107
880.0,100
3120.0,1739
1106.0,6111
310.0,638
70515.0,5996
138.0,5814
4979.0,4244
794.0,5278
631.0,4132
322.0,158
3078.0,2297
763.0,5645
155.0,5318
4773.0,2451
36732.0,403
878.0,5828
65678.0,2678
1416.0,1355
2377.0,5775
4653.0,5580
3865.0,3523
911.0,2417
359.0,5445
3523.0,5612
1657.0,4479
1635.0,5475
41413.0,2040
3679.0,1657
17939.0,1361
457.0,4779
1698.0,4250
438.0,2739
5505.0,4070
528.0,1236
1077.0,2113
1084.0,5778
901.0,2938
2583.0,4366
2478.0,1622
3354.0,6038
723.0,3614
12766.0,4917
48459.0,2126
3448.0,5073
3238.0,722
25817.0,5832
517.0,5637
7392.0,4793
236.0,3975
322.0,4058
27624.0,1330
95038.0,2889
472.0,3369
1081.0,1078
8357.0,4955
1554.0,1876
355.0,3153
1015.0,4923
874.0,3094
1490.0,5488
174.0,1157
127.0,3043
1062.0,1882
2130.0,744
1235.0,2951
794.0,2924
2615.0,5407
313.0,985
121.0,1230
55024.0,3930
316.0,1947
870.0,4690
2082.0,1430
1319.0,5120
1537.0,5806
8190.0,1402
459.0,4213
1302.0,5930
2234.0,3217
4599.0,6109
677.0,551
2401.0,2319
209.0,2051
624.0,179
1345.0,4074
4928.0,2194
18935.0,1443
470.0,877
185.0,2836
42294.0,4989
169.0,2819
4514.0,959
1091.0,5635
6724.0,3422
146.0,2706
776.0,4480
852.0,1625
5695.0,3143
1090.0,6117
421.0,1916
2376.0,5284
2420.0,370
458.0,5307
7502.0,2520
3100.0,5551
1129.0,6063
551.0,1563
27237.0,2995
1250.0,4427
5026.0,2151
7376.0,967
1024.0,3974
602.0,732
345.0,821
2712.0,2243
15100.0,4660
358.0,1968
102985.0,3691
85963.0,3139
948.0,3773
62193.0,5238
3121.0,299
1305.0,3528
315.0,2903
15368.0,2805
5305.0,4827
54082.0,3654
7644.0,2908
2565.0,5271
3079.0,2405
338.0,871
1253.0,5348
844.0,5741
997.0,329
422.0,2188
1966.0,5366
1015.0,5980
166.0,2189
2170.0,3398
968.0,2057
6896.0,4973
209.0,180
4810.0,3392
1125.0,127
676.0,5779
1656.0,939
804.0,5393
23438.0,3489
1529.0,5088
6476.0,3076
928.0,3555
528.0,4474
38037.0,1631
5899.0,4624
1467.0,1422
11871.0,2571
43811.0,5468
115402.0,5356
837.0,439
3238.0,4393
708.0,2294
16983.0,4257
6474.0,5190
22430.0,5178
1120.0,2453
790.0,1906
1225.0,5477
1554.0,5075
269.0,1568
8192.0,3763
15089.0,3501
1047.0,5746
6432.0,3806
1393.0,1480
1105.0,5845
3123.0,991
29467.0,3333
243.0,438
102.0,1338
637.0,1470
55087.0,5847
550.0,1953
993.0,5395
25323.0,3745
18050.0,5320
2431.0,1881
4195.0,2846
1160.0,2470
41788.0,4895
715.0,4644
3797.0,3472
4687.0,5755
6412.0,4066
11010.0,1110
591.0,2011
3170.0,5068
135.0,2818
10872.0,2200
2365.0,4601
1569.0,3160
1067.0,309
29807.0,1651
529.0,795
9909.0,5312
5028.0,349
44152.0,5300
1581.0,3710
44464.0,4560
1842.0,1096
2124.0,3641
6166.0,5448
8172.0,2419
31961.0,5564
203.0,4796
168258.0,5036
467.0,5077
392.0,950
61724.0,2422
25930.0,717
824.0,5000
721.0,1697
345.0,5261
1609.0,2808
7056.0,5887
1607.0,799
8812.0,5627
1154.0,5420
621.0,3194
2183.0,5525
151.0,2364
6605.0,6076
588.0,2853
2420.0,2257
761.0,6065
1178.0,2110
1162.0,1103
44553.0,2456
32886.0,3567
20549.0,447
53134.0,3967
2122.0,5787
847.0,1814
1002.0,4381
3193.0,4209
499.0,4564
5835.0,3737
8366.0,4429
1875.0,3121
252721.0,5298
871.0,1962
715.0,156
2923.0,1670
525.0,3233
11220.0,4018
3325.0,5760
47686.0,4504
1516.0,5719
808.0,6001
10057.0,1020
1144.0,4196
8263.0,1446
684.0,194
23028.0,4514
1366.0,430
48392.0,5990
5819.0,2804
4707.0,3542
1535.0,4509
1489.0,964
151.0,5884
10380.0,2205
1736.0,316
13288.0,3487
366.0,132
1293.0,3902
1293.0,2509
1925.0,3152
9427.0,5677
1040.0,4689
4661.0,721
2459.0,1216
273.0,3046
49113.0,3755
132321.0,4015
1136.0,2532
4290.0,5149
1463.0,3092
3444.0,6019
509.0,5155
8849.0,352
616.0,2740
5821.0,5311
2027.0,2003
644.0,2790
7785.0,4036
723.0,703
3640.0,6138
1646.0,224
927.0,4762
418.0,735
296.0,1856
6765.0,660
16693.0,3550
17586.0,5771
19087.0,50
15203.0,1938
18378.0,5995
151871.0,5107
982.0,3702
382.0,513
13908.0,2358
5278.0,5607
48669.0,2544
15555.0,4392
5852.0,2244
1341.0,2236
1303.0,51
3993.0,2225
2082.0,5720
946.0,69
1930.0,4665
332.0,4047
1338.0,3314
168.0,2986
4916.0,203
137.0,3799
257.0,529
716.0,4563
16711.0,3785
425.0,4869
2047.0,3255
2230.0,5585
4486.0,3271
1085.0,2006
604.0,2623
1850.0,4871
1126.0,4372
3756.0,5982
1108.0,5830
4694.0,3447
4742.0,42
9625.0,502
2124.0,1596
3417.0,4455
700.0,90
3932.0,5124
302.0,4542
28800.0,4038
261.0,2831
522.0,1604
1157.0,59
308.0,1013
907.0,5860
846.0,4701
1148.0,2791
2376.0,3672
1727.0,6115
2474.0,3610
34838.0,3360
1062.0,4526
3908.0,3428
5270.0,4826
725.0,3607
13272.0,4844
95909.0,3657
27662.0,4662
472.0,1807
415.0,1969
1027.0,4214
19017.0,4697
1779.0,3007
9994.0,4142
238.0,2580
641.0,1677
258.0,5131
2790.0,4001
11677.0,4382
475.0,2048
1351.0,6126
796.0,394
1494.0,3186
39969.0,2099
4929.0,1025
297.0,248
2014.0,4745
4960.0,5220
453.0,1481
365.0,1507
700.0,2418
904.0,4619
2973.0,2553
17668.0,5988
1349.0,207
199.0,2832
7237.0,2327
194.0,3059
38178.0,4800
398.0,2736
764.0,1467
484.0,1523
11608.0,1217
265.0,418
677.0,1514
5437.0,5593
119.0,2926
1645.0,6045
18364.0,463
1430.0,1354
1361.0,2943
2199.0,3620
1488.0,6002
45121.0,3961
1411.0,4060
1593.0,1619
1521.0,141
245.0,698
232.0,2728
1811.0,5350
1901.0,539
1585.0,467
39073.0,5040
1484.0,648
2862.0,1095
20241.0,2635
317.0,992
3256.0,5630
851.0,2403
1412.0,1090
221.0,2725
754.0,1769
4192.0,2443
25614.0,5711
3903.0,517
1776.0,3676
1108.0,242
5583.0,1290
971.0,3295
287.0,1380
210.0,1349
77895.0,3780
1010.0,4127
905.0,3077
816.0,190
1788.0,5330
879.0,3420
3635.0,16
314.0,342
988.0,4221
948.0,854
68402.0,3466
31889.0,4820
9543.0,4097
3731.0,5928
41570.0,3879
9576.0,236
52175.0,1442
2882.0,148
2226.0,2111
803.0,1808
1248.0,5819
4438.0,6148
912.0,2752
767.0,1204
1993.0,5629
397.0,5380
2672.0,4671
7488.0,5165
562.0,5386
45533.0,5690
521.0,294
7080.0,2963
3762.0,5016
7392.0,2915
1139.0,3625
1437.0,3374
18560.0,4223
56760.0,4154
3030.0,4
2414.0,5129
1080.0,2471
25963.0,4822
881.0,4913
410.0,1666
1229.0,257
1649.0,5972
8013.0,3353
6531.0,4707
3570.0,4726
1452.0,4203
11630.0,3421
2213.0,3869
1118.0,4282
24404.0,5707
31684.0,3836
601.0,4335
3190.0,4222
2566.0,1703
25126.0,1409
2737.0,5534
4810.0,613
12570.0,5216
4820.0,2440
2183.0,4877
5711.0,4030
5400.0,3645
5914.0,5647
25805.0,5956
310.0,583
306.0,3044
1841.0,936
1843.0,3080
327.0,568
4436.0,4334
10307.0,1166
316.0,1520
949.0,1391
606.0,998
1523.0,3721
1143.0,5181
3019.0,5882
502.0,4947
231.0,4945
54568.0,2564
587.0,4713
5777.0,4246
2960.0,3347
373.0,2331
11103.0,2141
2256.0,2905
981.0,3628
1111.0,4172
1247.0,608
794.0,364
981.0,2060
207.0,4218
2529.0,4294
1732.0,5030
3997.0,5697
1695.0,3764
9521.0,5187
1065.0,4181
32718.0,1803
9350.0,3878
18105.0,5877
3054.0,4954
894.0,572
1079.0,860
1603.0,3413
8277.0,978
1409.0,1620
704.0,1576
2219.0,1577
2147.0,70
9830.0,1932
10752.0,2560
4765.0,2215
187.0,2583
1837.0,1720
1719.0,743
211400.0,5103
1284.0,5986
1205.0,225
268832.0,5037
216.0,5340
5803.0,1061
9480.0,1750
55203.0,1410
4425.0,3286
1497.0,3308
1564.0,3722
2120.0,3971
1130.0,5998
776.0,2120
306.0,611
3843.0,5655
2402.0,1923
26045.0,3697
7093.0,2143
18880.0,4261
25659.0,1638
999.0,5820
864.0,3821
2596.0,5699
4096.0,5476
597.0,1054
1110.0,5978
5049.0,4864
2203.0,4843
184.0,4133
7327.0,2991
3933.0,105
931.0,2982
2920.0,3740
265.0,5702
203.0,2821
6543.0,3003
1878.0,6067
12190.0,4499
9673.0,909
1099.0,790
185.0,4375
11569.0,1024
1853.0,3215
740.0,1965
235.0,2839
235.0,3063
3408.0,4328
634.0,510
43958.0,3573
1889.0,4492
1765.0,4698
308.0,2825
2544.0,4926
41465.0,5022
16843.0,5604
4180.0,4878
19321.0,982
299.0,2488
15309.0,1401
1218.0,4361
2314.0,1259
4279.0,2993
3687.0,4742
4197.0,4012
2529.0,4673
945.0,5474
5084.0,5123
250.0,2178
2449.0,3547
16348.0,1371
6835.0,3728
127368.0,5299
17117.0,920
905.0,5875
25632.0,5748
9328.0,4072
776.0,522
658.0,5197
9084.0,2879
1759.0,3
377.0,4633
25788.0,4115
210.0,2478
4129.0,201
1302.0,3083
22860.0,3635
15907.0,5462
295.0,5443
5971.0,14
3925.0,4149
2001.0,3945
11869.0,3802
4422.0,476
959.0,1649
1350.0,5909
560.0,2525
3654.0,2472
4891.0,3766
2864.0,1693
27338.0,3896
319.0,4549
306.0,1059
121.0,1431
5615.0,2653
92752.0,6040
32337.0,2530
20293.0,4412
1244.0,1318
944.0,859
102251.0,2887
1667.0,3694
1355.0,659
1097.0,3264
1332.0,210
43266.0,5294
1007.0,5074
8285.0,5824
198.0,4109
11316.0,2033
9137.0,5757
514.0,584
463.0,1127
11560.0,1694
25206.0,1329
15264.0,3166
2961.0,3831
3238.0,5914
4409.0,1316
724.0,6142
930.0,4454
689.0,4835
213.0,3039
3089.0,2529
657.0,173
1145.0,3786
2132.0,3512
321.0,1168
47011.0,3494
15697.0,2134
28373.0,3659
8904.0,2097
191.0,878
485.0,792
1001.0,4357
22884.0,784
1316.0,867
302.0,2381
9192.0,6015
2976.0,4501
22038.0,5226
8856.0,3750
3225.0,3352
385.0,3177
1732.0,2123
109443.0,2681
907.0,4536
5402.0,1682
276.0,2268
18663.0,2760
1608.0,1034
474.0,3169
4071.0,3167
406.0,943
513.0,4285
255.0,150
1058.0,6061
1144.0,1294
874.0,5841
2769.0,4958
58593.0,4239
5105.0,3986
13212.0,2508
1673.0,4446
1734.0,3405
4145.0,5353
856.0,4263
352.0,5020
2453.0,4918
3047.0,2906
15877.0,3811
3920.0,5708
36972.0,5365
1238.0,5913
21941.0,4403
6297.0,908
250.0,2477
23406.0,3648
641.0,1667
3661.0,240
2581.0,4210
2209.0,3345
331.0,4907
1016.0,4365
4081.0,5517
14228.0,4000
1118.0,4882
3871.0,5601
7699.0,3719
2307.0,217
19390.0,3762
1869.0,538
10454.0,5864
60591.0,2460
436.0,612
1356.0,3448
289.0,5010
34444.0,2795
1548.0,1709
4254.0,3328
2153.0,6139
346.0,2502
935.0,4305
1431.0,2209
664.0,4346
6956.0,4237
4789.0,5893
3030.0,4935
1637.0,5495
3894.0,3404
132552.0,5039
9900.0,2847
366.0,1350
6846.0,5511
1165.0,3081
448.0,5686
889.0,276
61254.0,3535
1577.0,4029
61529.0,3647
246.0,2737
961.0,1083
855.0,3519
289.0,2285
493.0,3612
1510.0,4191
8218.0,4313
1983.0,3239
743.0,3204
208501.0,5234
29272.0,4495
3800.0,5747
6935.0,4507
90051.0,3140
953.0,437
485.0,2813
6022.0,5229
31380.0,6100
3774.0,1283
339.0,5681
1731.0,2310
2962.0,5894
187.0,2592
40561.0,2254
2744.0,847
140344.0,5168
858.0,1314
2799.0,2397
24765.0,3358
1191.0,3949
24220.0,25
1074.0,3704
3504.0,5067
571.0,3319
11064.0,2328
2758.0,3989
16379.0,3808
690.0,5816
214.0,1662
17400.0,4593
29299.0,6053
1716.0,136
1005.0,5700
732.0,2642
1611.0,196
602.0,4909
27882.0,2796
10367.0,1741
8978.0,2540
615.0,2261
3700.0,5249
4012.0,5164
3520.0,3482
7285.0,1171
13369.0,3381
596.0,414
2992.0,1146
4876.0,449
739.0,667
2038.0,4922
18861.0,1108
309.0,899
667.0,1600
743.0,1665
8225.0,4519
243.0,5773
5589.0,4580
1190.0,149
603.0,307
663.0,5670
12318.0,1289
298.0,706
430.0,2579
1103.0,2219
206.0,2503
1406.0,3685
6268.0,5134
776.0,2444
580.0,4129
1703.0,4081
3173.0,1897
1131.0,5948
1901.0,3128
2404.0,1100
2528.0,3301
21752.0,3604
4570.0,4905
51508.0,3835
364.0,2838
1745.0,5130
2703.0,5069
14441.0,3445
546.0,489
799.0,131
568.0,3086
2948.0,5939
411.0,4634
1346.0,2293
159.0,1757
1405.0,1320
9334.0,357
347.0,241
68219.0,2556
1965.0,1021
2380.0,3229
370.0,4048
2121.0,5937
1638.0,861
3072.0,5691
361.0,5327
6389.0,4258
2583.0,2746
44247.0,4830
17861.0,1079
694.0,2741
432.0,109
6682.0,1740
1813.0,6020
465.0,524
1666.0,5538
1743.0,1129
1237.0,5118
12114.0,2654
179.0,644
31711.0,3115
1406.0,2421
3079.0,5801
1543.0,5946
7334.0,5661
19952.0,6024
845.0,4609
11554.0,5846
2446.0,4709
5479.0,5798
671.0,2768
5333.0,5643
1441.0,617
701.0,4292
297.0,1569
611.0,1416
2160.0,5215
18524.0,4494
51243.0,3700
6671.0,4811
191.0,2942
1156.0,5527
24068.0,3966
5002.0,1488
526.0,1280
779.0,4265
2845.0,4368
10439.0,3191
971.0,198
391.0,5674
830.0,413
2231.0,4461
4487.0,2646
310.0,1915
1395.0,3606
1202.0,588
1732.0,4618
2821.0,1026
2634.0,3408
1773.0,5879
1293.0,5992
581.0,480
1658.0,4946
1998.0,4310
459.0,2169
9191.0,5554
1329.0,3804
26704.0,5721
732.0,1164
228.0,419
7375.0,314
1154.0,4617
11210.0,2894
3561.0,2650
741.0,1902
610.0,1345
993.0,5064
21399.0,4406
3354.0,595
595.0,4928
18764.0,47
318.0,2165
1254.0,6136
780.0,5862
1676.0,1717
212.0,2061
44810.0,1458
460.0,3775
144.0,4547
1367.0,2329
1732.0,1252
1017.0,3598
3593.0,4809
1231.0,4692
1893.0,125
153959.0,2458
70756.0,3027
2917.0,5718
615.0,153
2753.0,2004
1497.0,2438
30041.0,3724
171.0,3048
1297.0,2028
8827.0,729
351507.0,5172
8046.0,1045
984.0,468
989.0,575
1368.0,3733
13039.0,4324
18022.0,3026
1084.0,4686
15836.0,1180
1036.0,189
2470.0,6028
2967.0,1346
873.0,1306
234.0,2936
4945.0,5360
3834.0,1453
12601.0,2360
478.0,952
972.0,1118
8874.0,4112
53078.0,4488
283.0,2605
600.0,3825
10452.0,723
7499.0,2978
8649.0,2979
1907.0,2823
5711.0,1372
3871.0,5019
31808.0,2668
2111.0,5384
9158.0,2323
3291.0,5191
2439.0,4163
727.0,3068
1188.0,2023
5604.0,2044
195.0,2958
178.0,2843
557.0,303
23810.0,5566
1547.0,3605
2489.0,5790
586.0,1611
1130.0,3683
293.0,1131
3026.0,4330
2422.0,3203
10287.0,5659
4085.0,1729
3089.0,5062
1456.0,401
597.0,5127
746.0,281
1273.0,301
15238.0,2521
1295.0,1274
1852.0,5259
905.0,5780
20653.0,5414
322.0,822
3001.0,1553
2764.0,5335
888.0,5724
1542.0,1486
1674.0,4173
1562.0,718
1150.0,3633
1303.0,5768
9161.0,4829
415.0,694
6480.0,863
1261.0,2361
17237.0,5664
1214.0,6103
315.0,1136
560.0,3479
1007.0,1029
445.0,1776
6219.0,1575
108.0,2952
79786.0,5415
658.0,221
5922.0,2124
649.0,6125
20022.0,3847
771.0,643
38499.0,3840
2016.0,3432
1149.0,4981
429.0,1051
2650.0,3521
2063.0,5451
602.0,3065
222.0,4128
4624.0,1885
519.0,3862
1404.0,2326
3587.0,5899
5335.0,5649
33556.0,1832
16032.0,1022
2254.0,2191
428.0,1122
725.0,1102
2836.0,358
617.0,701
2021.0,3906
25969.0,4801
9363.0,4764
1150.0,3530
28667.0,1181
441.0,3033
18748.0,4960
967.0,289
895.0,2407
99584.0,4893
1752.0,1819
260.0,892
750.0,232
12786.0,3545
2468.0,4525
27509.0,739
150.0,113
1401.0,2103
7760.0,1633
613.0,3777
17221.0,4675
49267.0,1934
18039.0,3653
4488.0,3673
815.0,652
211.0,535
3167.0,5577
1013.0,565
4897.0,300
792.0,1952
204.0,2274
856.0,3427
7672.0,3443
995.0,2122
3386.0,1629
7869.0,4903
2728.0,5486
85583.0,4016
10178.0,3915
924.0,4350
372.0,2802
1760.0,202
279.0,2174
4331.0,865
678.0,266
2037.0,2102
1296.0,3619
983.0,2408
163.0,305
3875.0,80
1058.0,4636
1355.0,1721
5646.0,1595
9662.0,683
20898.0,2034
1703.0,5026
6337.0,4345
49082.0,5043
228.0,876
1970.0,6143
2120.0,4075
44449.0,3754
2628.0,5418
5425.0,1415
11768.0,2344
824.0,175
449.0,1418
22726.0,3252
1745.0,6135
1147.0,4117
4417.0,5660
596.0,362
8429.0,4113
14647.0,4663
25802.0,4799
291.0,5337
5532.0,5253
635.0,3407
225.0,1271
40998.0,2354
6282.0,4677
3636.0,3225
353.0,514
662.0,1267
1041.0,5153
1556.0,5866
50149.0,1995
14060.0,3929
1618.0,3316
470.0,1244
629.0,1426
2912.0,3008
20399.0,5157
799.0,5269
596.0,3253
5448.0,4318
14260.0,4538
322.0,2810
646.0,1130
378.0,4296
332.0,670
800.0,2876
28766.0,560
2314.0,2299
10868.0,5203
210.0,5633
2974.0,4974
477.0,1868
3207.0,3075
365.0,940
5550.0,6144
1262.0,1761
5995.0,4369
1585.0,5666
8964.0,4235
719.0,5874
43097.0,4341
403.0,553
516.0,4846
721.0,1190
351.0,1339
987.0,4863
4870.0,2865
933.0,4041
19067.0,4451
1850.0,5678
2257.0,2177
2175.0,5275
3027.0,5539
703.0,5202
565.0,4911
794.0,5586
42428.0,4023
1610.0,3456
3026.0,5473
5055.0,6007
259.0,710
3123.0,5221
347.0,2929
31673.0,2645
887.0,3172
14667.0,3219
6310.0,5784
1145.0,3818
2688.0,4620
4450.0,2867
187.0,187
616.0,1623
17873.0,2303
1307.0,5858
29890.0,2665
419.0,3329
1189.0,5135
5510.0,5569
2072.0,126
552.0,511
10413.0,4229
9485.0,2845
15338.0,2559
27965.0,2734
981.0,2085
1198.0,378
427.0,2282
1172.0,5053
2757.0,1880
5814.0,3164
1065.0,5671
31252.0,1176
757.0,1423
1870.0,5843
1082.0,4260
894.0,5182
1148.0,1032
1871.0,2492
1070.0,4482
1733.0,5282
26778.0,5794
264.0,2482
705.0,1440
62045.0,1635
544.0,2161
691.0,477
1474.0,4231
3480.0,2252
2861.0,3798
7329.0,5602
1754.0,3787
172.0,2603
55042.0,3790
1636.0,4025
11368.0,2548
1446.0,4727
3740.0,1441
2872.0,1163
34335.0,2545
2667.0,5464
3329.0,5872
1789.0,1098
16724.0,3965
35339.0,5175
1397.0,4243
741.0,2018
2671.0,5242
1909.0,3324
628.0,6036
49240.0,4696
13573.0,4336
7384.0,4670
71813.0,5231
1181.0,134
5231.0,3372
2041.0,3210
990.0,1648
20351.0,2204
219.0,4044
3700.0,4804
10547.0,5888
1263.0,5736
23518.0,4510
16423.0,3891
3273.0,5457
457.0,4687
1270.0,4269
4665.0,1535
3179.0,1688
104213.0,3250
391.0,2065
13041.0,1683
1862.0,4791
1871.0,1634
3227.0,3624
33644.0,5160
603.0,74
5352.0,3923
21712.0,3789
2462.0,6
235.0,509
17552.0,2139
124.0,2809
1695.0,4122
710.0,41
1482.0,2841
33465.0,2794
43149.0,3464
97206.0,3549
2514.0,713
1171.0,516
1885.0,3631
40913.0,2893
1286.0,5813
404.0,580
3019.0,5505
1498.0,720
328.0,769
292.0,564
7355.0,4021
296.0,247
1246.0,3695
760.0,5572
16895.0,311
258582.0,5105
3142.0,5285
50323.0,2434
19498.0,4578
373.0,4770
220.0,1155
2661.0,3621
1034.0,663
514.0,6081
6409.0,1992
763.0,4535
760.0,208
615.0,1618
2486.0,322
1122.0,2320
1413.0,4005
1503.0,4627
681.0,2513
2463.0,1493
4620.0,4151
10656.0,2634
3040.0,4373
5260.0,5085
4109.0,4164
45064.0,1544
6574.0,3451
2158.0,3904
17955.0,3378
942.0,3770
368.0,3315
6989.0,4850
1726.0,528
5268.0,1039
1141.0,2014
422.0,1474
315.0,2726
740.0,5886
3297.0,5929
254.0,544
4441.0,4459
654.0,2606
492.0,1113
2290.0,5339
471.0,2629
11030.0,4477
66165.0,2849
1969.0,3298
569.0,5342
33598.0,3761
1764.0,3982
495.0,1012
8833.0,3932
9107.0,4952
2226.0,6147
735.0,237
311.0,1846
67386.0,3636
3033.0,2617
1060.0,5494
801.0,3473
674.0,2015
971.0,3127
848.0,360
697.0,3972
613.0,2904
6852.0,780
532.0,2874
1047.0,906
12548.0,5082
2253.0,3976
20513.0,3214
320.0,945
1602.0,5199
2805.0,5442
8513.0,1731
839.0,4873
1710.0,1909
831.0,3864
15012.0,5714
3042.0,4267
3727.0,75
5013.0,1752
4464.0,3651
817.0,561
319.0,1272
16281.0,1179
11787.0,1044
1436.0,6055
5865.0,2346
749.0,5277
800.0,5059
348.0,2781
14807.0,1861
389.0,220
5001.0,3822
10784.0,3778
5783.0,2431
306.0,1010
630.0,5389
493.0,2071
44294.0,2430
3736.0,5496
14998.0,1650
130.0,1857
651.0,4706
4405.0,2043
4039.0,1257
1079.0,4383
5994.0,5509
7481.0,176
4122.0,3506
2735.0,3709
113530.0,3000
861.0,2425
22748.0,6027
1092.0,598
4877.0,3016
2304.0,5935
683.0,4276
602.0,472
2413.0,4608
8588.0,3197
632.0,2960
1602.0,5324
3728.0,3518
291.0,3279
975.0,1284
255.0,5584
1455.0,4615
581.0,911
10621.0,916
42293.0,3667
396.0,161
5651.0,3331
2072.0,3800
4086.0,4486
850.0,3543
2095.0,5286
41116.0,4734
2948.0,1689
3126.0,1245
1610.0,2965
345.0,4522
1504.0,1145
984.0,491
3074.0,907
622.0,1159
912.0,5716
12604.0,5709
930.0,306
192.0,2494
390.0,345
64407.0,5651
74647.0,4941
229.0,1421
26873.0,2041
7630.0,3419
39094.0,1939
410.0,4856
710.0,1173
4710.0,917
1653.0,1827
1325.0,6092
1195.0,3406
7150.0,4067
938.0,1785
17559.0,2137
1787.0,4694
1729.0,4773
3689.0,1088
196.0,772
55316.0,2352
1022.0,212
382.0,1918
20205.0,962
3647.0,1534
4752.0,740
389.0,1379
1641.0,5351
730.0,1671
7679.0,4503
15931.0,3845
811.0,3571
963.0,1185
241.0,2933
600.0,4287
1460.0,106
595.0,285
4594.0,5712
5989.0,866
2450.0,4200
7602.0,5489
643.0,497
1913.0,5788
1333.0,1351
11382.0,5652
293.0,452
269.0,1468
245.0,577
34531.0,4102
5058.0,3552
665.0,550
1035.0,2743
334.0,4712
3200.0,2447
4272.0,6107
6455.0,1838
2232.0,5403
79730.0,2658
1597.0,5618
1009.0,6086
7823.0,3500
1004.0,384
812.0,6064
4584.0,3516
245.0,700
812.0,3953
9162.0,3383
5909.0,5895
1150.0,3644
1943.0,4605
10931.0,620
274.0,214
53310.0,1541
3787.0,2872
10382.0,397
41918.0,5372
3308.0,2136
24042.0,4743
650.0,1114
626.0,486
1987.0,2881
2179.0,5304
435.0,3154
14716.0,2733
7342.0,1462
209.0,1069
1662.0,4376
471.0,2702
455.0,1250
1561.0,4185
936.0,4757
920.0,5817
1409.0,2147
692.0,5336
1498.0,292
2211.0,3484
84659.0,2659
1218.0,4079
417.0,1383
7132.0,4881
1933.0,5769
739.0,1273
996.0,2221
4319.0,3854
633.0,5826
12076.0,1933
1406.0,1802
18959.0,5469
45549.0,5515
6072.0,3876
1214.0,1496
1027.0,27
62952.0,4037
4707.0,4171
716.0,4628
389.0,942
19019.0,6047
139211.0,4890
543.0,4857
7460.0,4100
305.0,5272
7515.0,2022
426.0,2116
14089.0,1093
4203.0,5481
1424.0,2662
28568.0,3433
7694.0,5487
994.0,5731
64797.0,4139
4116.0,335
488.0,1597
1134.0,5804
3699.0,6059
23100.0,5083
10307.0,2518
426.0,1073
1096.0,805
1231.0,5966
1420.0,1777
905.0,5867
256.0,815
4762.0,11
3683.0,4087
2631.0,5089
1820.0,1573
4473.0,3723
829.0,1210
807.0,3303
274.0,1961
31523.0,1718
32070.0,3561
593.0,5688
1031.0,2866
147.0,465
22646.0,2455
989.0,5188
4226.0,4984
448.0,2977
611.0,5011
819.0,512
26616.0,2420
24373.0,3650
3717.0,5315
679.0,1912
300.0,1085
670.0,57
1117.0,2766
597.0,1243
7795.0,4666
10661.0,1592
2364.0,1744
22159.0,5098
3331.0,5541
4681.0,5949
1815.0,5399
3345.0,3632
571.0,1964
1949.0,3946
3666.0,4227
44435.0,3919
155970.0,4968
402.0,1207
3236.0,5072
2261.0,3439
3736.0,424
15604.0,2517
264.0,408
26598.0,3938
157.0,4631
2169.0,5673
195.0,3259
480.0,2468
1493.0,1809
128.0,1225
7627.0,3446
2151.0,2751
880.0,64
3981.0,3588
18349.0,3656
686.0,2782
400.0,1200
1914.0,1725
1392.0,1298
3752.0,5546
348.0,4714
2448.0,4683
777.0,4782
1079.0,6091
17188.0,2516
86688.0,1841
1935.0,5581
440.0,1598
1243.0,4470
19728.0,4226
44626.0,843
315.0,2154
813.0,346
304.0,1509
17217.0,3988
2479.0,3905
1159.0,3861
8194.0,3089
96566.0,4095
1468.0,2643
909.0,4766
18615.0,4006
8973.0,5163
232.0,1194
43483.0,5313
862.0,3267
39954.0,5543
1564.0,1878
21170.0,1690
573.0,5590
15291.0,5767
398.0,687
5034.0,5667
2104.0,5717
1050.0,3231
4769.0,1407
1608.0,2325
11944.0,5302
1663.0,6034
4261.0,3890
1227.0,5878
19699.0,1853
9841.0,5100
4806.0,2199
1742.0,4091
4926.0,5738
39507.0,3837
2210.0,5749
916.0,5785
327.0,2481
302.0,4555
1282.0,4600
406.0,5641
18147.0,5532
1814.0,4408
195.0,3023
8639.0,3687
1702.0,1082
1733.0,5837
13633.0,4733
11416.0,3224
2663.0,5054
1160.0,2416
275.0,5338
1076.0,2234
15555.0,3511
1917.0,642
158.0,1967
9169.0,5523
1079.0,3725
5098.0,1359
416.0,770
1610.0,5823
2953.0,1828
345.0,293
5833.0,3018
3181.0,3983
63510.0,2037
1966.0,5524
7500.0,4957
3307.0,4119
706.0,5192
415.0,5535
1247.0,3403
368.0,152
16179.0,3832
43807.0,3794
137659.0,3110
21028.0,475
1497.0,536
1253.0,4436
1245.0,462
4884.0,789
10470.0,3921
2897.0,3980
616.0,4785
1166.0,661
5376.0,1321
1643.0,5623
2274.0,4441
882.0,2066
310.0,1417
42249.0,5606
18586.0,5097
20651.0,979
747.0,1766
3487.0,1357
330.0,5017
1378.0,4252
7002.0,5592
1058.0,4211
109266.0,2459
3638.0,6052
3445.0,2104
33002.0,3784
1094.0,6062
622.0,1613
5377.0,4704
243.0,2279
274.0,937
7770.0,1996
7621.0,6090
8964.0,3738
2497.0,1779
2524.0,5439
1311.0,1799
734.0,3429
15531.0,2246
1203.0,215
4382.0,4314
4400.0,1457
3371.0,2511
947.0,317
476.0,5081
250.0,635
426.0,1477
2865.0,1621
17059.0,37
2988.0,3477
13158.0,5616
407.0,3866
41096.0,4405
606.0,3582
2073.0,3418
1505.0,3713
13782.0,3017
22095.0,2759
4706.0,2238
348.0,3261
2355.0,326
5259.0,2883
989.0,1202
660.0,4759
30831.0,1220
1140.0,5744
2956.0,1343
156791.0,4966
542.0,172
2411.0,4254
958.0,2087
935.0,170
41160.0,2466
2490.0,55
3053.0,5636
8553.0,374
4916.0,5382
33392.0,1940
6415.0,6066
21480.0,38
557.0,128
1706.0,5379
361.0,4215
14511.0,2411
504.0,2504
6509.0,1990
6146.0,5244
10198.0,4803
438.0,1663
2699.0,5615
1509.0,5985
3400.0,6077
3253.0,3944
1123.0,2336
341.0,1824
2387.0,1781
4363.0,725
293.0,5195
3505.0,3623
688.0,129
14669.0,3880
35600.0,1106
1721.0,2064
2155.0,4621
24026.0,2356
581.0,5815
245.0,930
107945.0,5090
4852.0,903
869.0,855
713.0,1138
3710.0,4537
14483.0,3263
1321.0,1825
1537.0,1925
50058.0,2144
1225.0,4273
693.0,2973
18474.0,1368
1004.0,3343
964.0,2008
13587.0,4812
2019.0,622
15850.0,2670
1915.0,4099
29522.0,5239
141.0,1971
7629.0,1590
1935.0,48
13296.0,2576
3292.0,204
2527.0,4938
10396.0,5818
322.0,4458
700.0,2854
686.0,356
18137.0,3163
108667.0,5296
6437.0,5932
561.0,1603
5654.0,3554
310.0,623
1759.0,4798
1912.0,4317
41840.0,2036
2408.0,5693
585.0,5638
552.0,3513
1648.0,4498
354.0,5274
236886.0,5106
14671.0,4120
4383.0,2934
535.0,3313
982.0,2803
11429.0,5066
28263.0,4065
1334.0,2496
2071.0,2348
1310.0,4418
971.0,5967
603.0,2690
1058.0,1765
1039.0,5431
939.0,117
15410.0,3939
5822.0,4107
8466.0,3268
32643.0,3662
21940.0,5559
357.0,363
4894.0,3833
297.0,632
40197.0,5101
1191.0,286
744.0,2745
156.0,676
6050.0,1376
5620.0,2314
3130.0,3893
2291.0,3053
30389.0,3756
973.0,3129
812.0,1844
565.0,1907
22766.0,3488
37747.0,5594
477.0,3306
48065.0,2538
10734.0,6048
13703.0,2916
19196.0,5434
6109.0,2512
40149.0,3332
180.0,3181
2672.0,4197
1504.0,5765
25643.0,3873
167.0,520
449.0,4546
742.0,3863
1592.0,5578
760.0,4144
8094.0,5465
1806.0,1072
1127.0,5206
8905.0,1362
272.0,4553
3886.0,1550
